<?xml version='1.0' encoding='UTF-8' standalone='no'?>
<doxygen xmlns:xsi="http://www.w3.org/2001/XMLSchema-instance" xsi:noNamespaceSchemaLocation="compound.xsd" version="1.8.15">
  <compounddef id="_block_chain_8cs" kind="file" language="C#">
    <compoundname>BlockChain.cs</compoundname>
    <innerclass refid="class__4___block_chain_p2_p_1_1_block_chain" prot="public">_4_BlockChainP2P::BlockChain</innerclass>
    <innernamespace refid="namespace__4___block_chain_p2_p">_4_BlockChainP2P</innernamespace>
    <innernamespace refid="namespace_system_1_1_linq">System::Linq</innernamespace>
    <briefdescription>
    </briefdescription>
    <detaileddescription>
    </detaileddescription>
    <programlisting>
<codeline lineno="1"><highlight class="keyword">using</highlight><highlight class="normal"><sp/>System;</highlight></codeline>
<codeline lineno="2"><highlight class="normal"></highlight><highlight class="keyword">using</highlight><highlight class="normal"><sp/>System.Collections.Generic;</highlight></codeline>
<codeline lineno="3"><highlight class="normal"></highlight><highlight class="keyword">using</highlight><highlight class="normal"><sp/>System.Linq;</highlight></codeline>
<codeline lineno="4"><highlight class="normal"></highlight></codeline>
<codeline lineno="5"><highlight class="normal"></highlight><highlight class="comment">//libreria<sp/>per<sp/>la<sp/>gestione<sp/>delle<sp/>liste</highlight><highlight class="normal"></highlight></codeline>
<codeline lineno="6"><highlight class="normal"></highlight></codeline>
<codeline lineno="7"><highlight class="normal"></highlight><highlight class="keyword">namespace<sp/></highlight><highlight class="normal"><ref refid="namespace__4___block_chain_p2_p" kindref="compound">_4_BlockChainP2P</ref></highlight></codeline>
<codeline lineno="8"><highlight class="normal">{</highlight></codeline>
<codeline lineno="9"><highlight class="normal"></highlight></codeline>
<codeline lineno="11"><highlight class="normal"></highlight></codeline>
<codeline lineno="12" refid="class__4___block_chain_p2_p_1_1_block_chain" refkind="compound"><highlight class="normal"><sp/><sp/><sp/><sp/></highlight><highlight class="keyword">internal</highlight><highlight class="normal"><sp/></highlight><highlight class="keyword">class<sp/></highlight><highlight class="normal"><ref refid="class__4___block_chain_p2_p_1_1_block_chain" kindref="compound">BlockChain</ref></highlight></codeline>
<codeline lineno="13"><highlight class="normal"><sp/><sp/><sp/><sp/>{</highlight></codeline>
<codeline lineno="14"><highlight class="normal"></highlight></codeline>
<codeline lineno="15"><highlight class="normal"></highlight><highlight class="preprocessor"><sp/><sp/><sp/><sp/><sp/><sp/><sp/><sp/>#region<sp/>Membri<sp/><sp/><sp/><sp/><sp/><sp/><sp/><sp/></highlight><highlight class="normal"></highlight></codeline>
<codeline lineno="16"><highlight class="normal"><sp/><sp/><sp/><sp/><sp/><sp/><sp/><sp/></highlight><highlight class="keyword">public</highlight><highlight class="normal"><sp/>IList&lt;Utente&gt;<sp/><ref refid="class__4___block_chain_p2_p_1_1_block_chain_1a6155eff074641d1c32284f6c50f0f26f" kindref="member">Utenti</ref><sp/>{<sp/></highlight><highlight class="keyword">get</highlight><highlight class="normal">;<sp/></highlight><highlight class="keyword">set</highlight><highlight class="normal">;<sp/>}</highlight></codeline>
<codeline lineno="18"><highlight class="normal"></highlight></codeline>
<codeline lineno="20"><highlight class="normal"><sp/><sp/><sp/><sp/><sp/><sp/><sp/><sp/></highlight><highlight class="keyword">public</highlight><highlight class="normal"><sp/>IList&lt;Transazione&gt;<sp/><ref refid="class__4___block_chain_p2_p_1_1_block_chain_1a9bf15ec9223c0e4d2da39cccea213230" kindref="member">TransazioniInAttesa</ref><sp/>=<sp/></highlight><highlight class="keyword">new</highlight><highlight class="normal"><sp/>List&lt;Transazione&gt;();</highlight></codeline>
<codeline lineno="21"><highlight class="normal"></highlight></codeline>
<codeline lineno="22"><highlight class="normal"><sp/><sp/><sp/><sp/><sp/><sp/><sp/><sp/></highlight><highlight class="comment">//inizializza<sp/>una<sp/>lista<sp/>concatenata<sp/>di<sp/>blocchi</highlight><highlight class="normal"></highlight></codeline>
<codeline lineno="23"><highlight class="normal"><sp/><sp/><sp/><sp/><sp/><sp/><sp/><sp/></highlight><highlight class="keyword">public</highlight><highlight class="normal"><sp/>IList&lt;Blocco&gt;<sp/>Catena<sp/>{<sp/></highlight><highlight class="keyword">set</highlight><highlight class="normal">;<sp/></highlight><highlight class="keyword">get</highlight><highlight class="normal">;<sp/>}</highlight></codeline>
<codeline lineno="24"><highlight class="normal"></highlight></codeline>
<codeline lineno="25"><highlight class="normal"></highlight></codeline>
<codeline lineno="28"><highlight class="normal"><sp/><sp/><sp/><sp/><sp/><sp/><sp/><sp/></highlight><highlight class="keyword">public</highlight><highlight class="normal"><sp/></highlight><highlight class="keywordtype">int</highlight><highlight class="normal"><sp/><ref refid="class__4___block_chain_p2_p_1_1_block_chain_1a04f46b57c5a7d066562eef4f92cef8dc" kindref="member">Difficoltà</ref><sp/>{<sp/></highlight><highlight class="keyword">get</highlight><highlight class="normal">;<sp/></highlight><highlight class="keyword">set</highlight><highlight class="normal">;<sp/>}<sp/>=<sp/>1;</highlight></codeline>
<codeline lineno="29"><highlight class="normal"></highlight></codeline>
<codeline lineno="30"><highlight class="normal"></highlight></codeline>
<codeline lineno="32"><highlight class="normal"><sp/><sp/><sp/><sp/><sp/><sp/><sp/><sp/></highlight><highlight class="keyword">public</highlight><highlight class="normal"><sp/></highlight><highlight class="keyword">static</highlight><highlight class="normal"><sp/>readonly<sp/></highlight><highlight class="keywordtype">int</highlight><highlight class="normal"><sp/><ref refid="class__4___block_chain_p2_p_1_1_block_chain_1adec20ceead9755cb5060488e67163015" kindref="member">Ricompensa</ref><sp/>=<sp/>1;</highlight></codeline>
<codeline lineno="33"><highlight class="normal"></highlight></codeline>
<codeline lineno="34"><highlight class="normal"></highlight><highlight class="preprocessor"><sp/><sp/><sp/><sp/><sp/><sp/><sp/><sp/>#endregion</highlight><highlight class="normal"></highlight></codeline>
<codeline lineno="35"><highlight class="normal"></highlight></codeline>
<codeline lineno="36"><highlight class="normal"></highlight></codeline>
<codeline lineno="37"><highlight class="normal"></highlight><highlight class="preprocessor"><sp/><sp/><sp/><sp/><sp/><sp/><sp/><sp/>#region<sp/>Costruttore</highlight><highlight class="normal"></highlight></codeline>
<codeline lineno="38"><highlight class="normal"></highlight></codeline>
<codeline lineno="39"><highlight class="normal"><sp/><sp/><sp/><sp/><sp/><sp/><sp/><sp/></highlight><highlight class="comment">//costruttore<sp/>della<sp/>classe<sp/>blockchain<sp/>che<sp/>si<sp/>occupa<sp/>di<sp/>istanziare<sp/>il</highlight><highlight class="normal"></highlight></codeline>
<codeline lineno="40"><highlight class="normal"><sp/><sp/><sp/><sp/><sp/><sp/><sp/><sp/></highlight><highlight class="comment">//primo<sp/>blocco<sp/>della<sp/>catena<sp/>ed<sp/>eventuali<sp/>successivi</highlight><highlight class="normal"></highlight></codeline>
<codeline lineno="41"><highlight class="normal"><sp/><sp/><sp/><sp/><sp/><sp/><sp/><sp/></highlight><highlight class="comment">//istanzia<sp/>anche<sp/>una<sp/>lista<sp/>di<sp/>utenti</highlight><highlight class="normal"></highlight></codeline>
<codeline lineno="42"><highlight class="normal"><sp/><sp/><sp/><sp/><sp/><sp/><sp/><sp/></highlight><highlight class="keyword">public</highlight><highlight class="normal"><sp/><ref refid="class__4___block_chain_p2_p_1_1_block_chain" kindref="compound">BlockChain</ref>()</highlight></codeline>
<codeline lineno="43"><highlight class="normal"><sp/><sp/><sp/><sp/><sp/><sp/><sp/><sp/>{</highlight></codeline>
<codeline lineno="44"><highlight class="normal"><sp/><sp/><sp/><sp/><sp/><sp/><sp/><sp/><sp/><sp/><sp/><sp/><ref refid="class__4___block_chain_p2_p_1_1_block_chain_1a6155eff074641d1c32284f6c50f0f26f" kindref="member">Utenti</ref><sp/>=<sp/></highlight><highlight class="keyword">new</highlight><highlight class="normal"><sp/>List&lt;Utente&gt;(3);</highlight></codeline>
<codeline lineno="45"><highlight class="normal"><sp/><sp/><sp/><sp/><sp/><sp/><sp/><sp/><sp/><sp/><sp/><sp/>InizializzaCatena();</highlight></codeline>
<codeline lineno="46"><highlight class="normal"><sp/><sp/><sp/><sp/><sp/><sp/><sp/><sp/><sp/><sp/><sp/><sp/>AggiungiBloccoIniziale();</highlight></codeline>
<codeline lineno="47"><highlight class="normal"><sp/><sp/><sp/><sp/><sp/><sp/><sp/><sp/>}</highlight></codeline>
<codeline lineno="48"><highlight class="normal"></highlight></codeline>
<codeline lineno="49"><highlight class="normal"></highlight><highlight class="preprocessor"><sp/><sp/><sp/><sp/><sp/><sp/><sp/><sp/>#endregion</highlight><highlight class="normal"></highlight></codeline>
<codeline lineno="50"><highlight class="normal"></highlight></codeline>
<codeline lineno="51"><highlight class="normal"></highlight></codeline>
<codeline lineno="52"><highlight class="normal"></highlight><highlight class="preprocessor"><sp/><sp/><sp/><sp/><sp/><sp/><sp/><sp/>#region<sp/>MetodiPerBlocchi</highlight><highlight class="normal"></highlight></codeline>
<codeline lineno="53"><highlight class="normal"></highlight></codeline>
<codeline lineno="54"><highlight class="normal"><sp/><sp/><sp/><sp/><sp/><sp/><sp/><sp/></highlight><highlight class="keyword">public</highlight><highlight class="normal"><sp/></highlight><highlight class="keywordtype">void</highlight><highlight class="normal"><sp/>InizializzaCatena()</highlight></codeline>
<codeline lineno="55"><highlight class="normal"><sp/><sp/><sp/><sp/><sp/><sp/><sp/><sp/>{</highlight></codeline>
<codeline lineno="56"><highlight class="normal"><sp/><sp/><sp/><sp/><sp/><sp/><sp/><sp/><sp/><sp/><sp/><sp/></highlight><highlight class="comment">//creo<sp/>il<sp/>primo<sp/>blocco<sp/>della<sp/>catena</highlight><highlight class="normal"></highlight></codeline>
<codeline lineno="57"><highlight class="normal"><sp/><sp/><sp/><sp/><sp/><sp/><sp/><sp/><sp/><sp/><sp/><sp/>Catena<sp/>=<sp/></highlight><highlight class="keyword">new</highlight><highlight class="normal"><sp/>List&lt;Blocco&gt;();</highlight></codeline>
<codeline lineno="58"><highlight class="normal"><sp/><sp/><sp/><sp/><sp/><sp/><sp/><sp/>}</highlight></codeline>
<codeline lineno="59"><highlight class="normal"></highlight></codeline>
<codeline lineno="60"><highlight class="normal"></highlight></codeline>
<codeline lineno="61"><highlight class="normal"><sp/><sp/><sp/><sp/><sp/><sp/><sp/><sp/></highlight><highlight class="keyword">public</highlight><highlight class="normal"><sp/></highlight><highlight class="keywordtype">void</highlight><highlight class="normal"><sp/>AggiungiBloccoIniziale()</highlight></codeline>
<codeline lineno="62"><highlight class="normal"><sp/><sp/><sp/><sp/><sp/><sp/><sp/><sp/>{</highlight></codeline>
<codeline lineno="63"><highlight class="normal"><sp/><sp/><sp/><sp/><sp/><sp/><sp/><sp/><sp/><sp/><sp/><sp/>Catena.Add(<ref refid="class__4___block_chain_p2_p_1_1_block_chain_1a84a07340caf4099d99be690d74d25cb2" kindref="member">CreaBloccoIniziale</ref>());</highlight></codeline>
<codeline lineno="64"><highlight class="normal"><sp/><sp/><sp/><sp/><sp/><sp/><sp/><sp/>}</highlight></codeline>
<codeline lineno="65"><highlight class="normal"></highlight></codeline>
<codeline lineno="66"><highlight class="normal"></highlight></codeline>
<codeline lineno="67"><highlight class="normal"></highlight><highlight class="preprocessor"><sp/><sp/><sp/><sp/><sp/><sp/><sp/><sp/>#region<sp/>Documentazione</highlight><highlight class="normal"></highlight></codeline>
<codeline lineno="68"><highlight class="normal"></highlight><highlight class="preprocessor"><sp/><sp/><sp/><sp/><sp/><sp/><sp/><sp/>#endregion</highlight><highlight class="normal"></highlight></codeline>
<codeline lineno="71"><highlight class="normal"><sp/><sp/><sp/><sp/><sp/><sp/><sp/><sp/></highlight><highlight class="keyword">public</highlight><highlight class="normal"><sp/><ref refid="class__4___block_chain_p2_p_1_1_blocco" kindref="compound">Blocco</ref><sp/><ref refid="class__4___block_chain_p2_p_1_1_block_chain_1a84a07340caf4099d99be690d74d25cb2" kindref="member">CreaBloccoIniziale</ref>()</highlight></codeline>
<codeline lineno="72"><highlight class="normal"><sp/><sp/><sp/><sp/><sp/><sp/><sp/><sp/>{</highlight></codeline>
<codeline lineno="73"><highlight class="normal"><sp/><sp/><sp/><sp/><sp/><sp/><sp/><sp/><sp/><sp/><sp/><sp/><ref refid="class__4___block_chain_p2_p_1_1_block_chain_1a9bf15ec9223c0e4d2da39cccea213230" kindref="member">TransazioniInAttesa</ref><sp/>=<sp/></highlight><highlight class="keyword">new</highlight><highlight class="normal"><sp/>List&lt;Transazione&gt;();</highlight></codeline>
<codeline lineno="74"><highlight class="normal"><sp/><sp/><sp/><sp/><sp/><sp/><sp/><sp/><sp/><sp/><sp/><sp/><ref refid="class__4___block_chain_p2_p_1_1_blocco" kindref="compound">Blocco</ref><sp/>blocco<sp/>=<sp/></highlight><highlight class="keyword">new</highlight><highlight class="normal"><sp/><ref refid="class__4___block_chain_p2_p_1_1_blocco" kindref="compound">Blocco</ref>(DateTime.Now,<sp/></highlight><highlight class="keyword">null</highlight><highlight class="normal">,<sp/><ref refid="class__4___block_chain_p2_p_1_1_block_chain_1a9bf15ec9223c0e4d2da39cccea213230" kindref="member">TransazioniInAttesa</ref>);</highlight></codeline>
<codeline lineno="75"><highlight class="normal"><sp/><sp/><sp/><sp/><sp/><sp/><sp/><sp/><sp/><sp/><sp/><sp/>blocco.<ref refid="class__4___block_chain_p2_p_1_1_blocco_1a1893c7982804f983a7d68967af6db3f2" kindref="member">Mina</ref>(<ref refid="class__4___block_chain_p2_p_1_1_block_chain_1a04f46b57c5a7d066562eef4f92cef8dc" kindref="member">Difficoltà</ref>);</highlight></codeline>
<codeline lineno="76"><highlight class="normal"><sp/><sp/><sp/><sp/><sp/><sp/><sp/><sp/><sp/><sp/><sp/><sp/></highlight><highlight class="keywordflow">return</highlight><highlight class="normal"><sp/>blocco;</highlight></codeline>
<codeline lineno="77"><highlight class="normal"><sp/><sp/><sp/><sp/><sp/><sp/><sp/><sp/>}</highlight></codeline>
<codeline lineno="78"><highlight class="normal"></highlight></codeline>
<codeline lineno="79"><highlight class="normal"></highlight></codeline>
<codeline lineno="80"><highlight class="normal"><sp/><sp/><sp/><sp/><sp/><sp/><sp/><sp/></highlight><highlight class="keyword">public</highlight><highlight class="normal"><sp/><ref refid="class__4___block_chain_p2_p_1_1_blocco" kindref="compound">Blocco</ref><sp/>GetUltimoBlocco()</highlight></codeline>
<codeline lineno="81"><highlight class="normal"><sp/><sp/><sp/><sp/><sp/><sp/><sp/><sp/>{</highlight></codeline>
<codeline lineno="82"><highlight class="normal"><sp/><sp/><sp/><sp/><sp/><sp/><sp/><sp/><sp/><sp/><sp/><sp/></highlight><highlight class="keywordflow">return</highlight><highlight class="normal"><sp/>Catena[Catena.Count<sp/>-<sp/>1];</highlight></codeline>
<codeline lineno="83"><highlight class="normal"><sp/><sp/><sp/><sp/><sp/><sp/><sp/><sp/>}</highlight></codeline>
<codeline lineno="84"><highlight class="normal"></highlight></codeline>
<codeline lineno="85"><highlight class="normal"></highlight></codeline>
<codeline lineno="86"><highlight class="normal"></highlight><highlight class="preprocessor"><sp/><sp/><sp/><sp/><sp/><sp/><sp/><sp/>#region<sp/>Documentazione</highlight><highlight class="normal"></highlight></codeline>
<codeline lineno="87"><highlight class="normal"></highlight><highlight class="preprocessor"><sp/><sp/><sp/><sp/><sp/><sp/><sp/><sp/>#endregion</highlight><highlight class="normal"></highlight></codeline>
<codeline lineno="90"><highlight class="normal"><sp/><sp/><sp/><sp/><sp/><sp/><sp/><sp/></highlight><highlight class="keyword">public</highlight><highlight class="normal"><sp/></highlight><highlight class="keywordtype">void</highlight><highlight class="normal"><sp/><ref refid="class__4___block_chain_p2_p_1_1_block_chain_1a49f1a778cd99d70158258280a1f39ffa" kindref="member">AggiungiBlocco</ref>(<ref refid="class__4___block_chain_p2_p_1_1_blocco" kindref="compound">Blocco</ref><sp/>blocco)</highlight></codeline>
<codeline lineno="91"><highlight class="normal"><sp/><sp/><sp/><sp/><sp/><sp/><sp/><sp/>{</highlight></codeline>
<codeline lineno="92"><highlight class="normal"><sp/><sp/><sp/><sp/><sp/><sp/><sp/><sp/><sp/><sp/><sp/><sp/></highlight><highlight class="comment">//<sp/>prende<sp/>i<sp/>dati<sp/>inerenti<sp/>al<sp/>blocco<sp/>precedente<sp/>rispetto<sp/>a<sp/>quello<sp/>da<sp/>aggiungere</highlight><highlight class="normal"></highlight></codeline>
<codeline lineno="93"><highlight class="normal"><sp/><sp/><sp/><sp/><sp/><sp/><sp/><sp/><sp/><sp/><sp/><sp/><ref refid="class__4___block_chain_p2_p_1_1_blocco" kindref="compound">Blocco</ref><sp/>ultimoBlocco<sp/>=<sp/>GetUltimoBlocco();</highlight></codeline>
<codeline lineno="94"><highlight class="normal"></highlight></codeline>
<codeline lineno="95"><highlight class="normal"><sp/><sp/><sp/><sp/><sp/><sp/><sp/><sp/><sp/><sp/><sp/><sp/></highlight><highlight class="comment">//<sp/>aumenta<sp/>l&apos;indice<sp/>del<sp/>blocco<sp/>+1<sp/>rispetto<sp/>a<sp/>precedente</highlight><highlight class="normal"></highlight></codeline>
<codeline lineno="96"><highlight class="normal"><sp/><sp/><sp/><sp/><sp/><sp/><sp/><sp/><sp/><sp/><sp/><sp/>blocco.<ref refid="class__4___block_chain_p2_p_1_1_blocco_1adcfbaf555377cf48b11862ed968c4202" kindref="member">Indice</ref><sp/>=<sp/>ultimoBlocco.<ref refid="class__4___block_chain_p2_p_1_1_blocco_1adcfbaf555377cf48b11862ed968c4202" kindref="member">Indice</ref><sp/>+<sp/>1;</highlight></codeline>
<codeline lineno="97"><highlight class="normal"></highlight></codeline>
<codeline lineno="98"><highlight class="normal"><sp/><sp/><sp/><sp/><sp/><sp/><sp/><sp/><sp/><sp/><sp/><sp/></highlight><highlight class="comment">//<sp/>calcola<sp/>il<sp/>suo<sp/>hash<sp/>partendo<sp/>da<sp/>quello<sp/>del<sp/>precedente</highlight><highlight class="normal"></highlight></codeline>
<codeline lineno="99"><highlight class="normal"><sp/><sp/><sp/><sp/><sp/><sp/><sp/><sp/><sp/><sp/><sp/><sp/>blocco.<ref refid="class__4___block_chain_p2_p_1_1_blocco_1a95b4b0447ec9cc5259998fdb202790af" kindref="member">HashPrecedente</ref><sp/>=<sp/>ultimoBlocco.<ref refid="class__4___block_chain_p2_p_1_1_blocco_1a40d62dd757a998424a3a7624d1ed9adf" kindref="member">HashBloccoCorrente</ref>;</highlight></codeline>
<codeline lineno="100"><highlight class="normal"></highlight></codeline>
<codeline lineno="101"><highlight class="normal"><sp/><sp/><sp/><sp/><sp/><sp/><sp/><sp/><sp/><sp/><sp/><sp/></highlight><highlight class="comment">//<sp/>dopo<sp/>aver<sp/>inserito<sp/>difficoltà<sp/>posso<sp/>effettuare<sp/>il<sp/>mining</highlight><highlight class="normal"></highlight></codeline>
<codeline lineno="102"><highlight class="normal"><sp/><sp/><sp/><sp/><sp/><sp/><sp/><sp/><sp/><sp/><sp/><sp/>blocco.<ref refid="class__4___block_chain_p2_p_1_1_blocco_1a1893c7982804f983a7d68967af6db3f2" kindref="member">Mina</ref>(<ref refid="class__4___block_chain_p2_p_1_1_block_chain_1a04f46b57c5a7d066562eef4f92cef8dc" kindref="member">Difficoltà</ref>);</highlight></codeline>
<codeline lineno="103"><highlight class="normal"></highlight></codeline>
<codeline lineno="104"><highlight class="normal"><sp/><sp/><sp/><sp/><sp/><sp/><sp/><sp/><sp/><sp/><sp/><sp/></highlight><highlight class="comment">//<sp/>aggiunge<sp/>il<sp/>blocco<sp/>alla<sp/>catena</highlight><highlight class="normal"></highlight></codeline>
<codeline lineno="105"><highlight class="normal"><sp/><sp/><sp/><sp/><sp/><sp/><sp/><sp/><sp/><sp/><sp/><sp/>Catena.Add(blocco);</highlight></codeline>
<codeline lineno="106"><highlight class="normal"></highlight></codeline>
<codeline lineno="107"><highlight class="normal"><sp/><sp/><sp/><sp/><sp/><sp/><sp/><sp/>}</highlight></codeline>
<codeline lineno="108"><highlight class="normal"></highlight></codeline>
<codeline lineno="109"><highlight class="normal"></highlight><highlight class="preprocessor"><sp/><sp/><sp/><sp/><sp/><sp/><sp/><sp/>#endregion</highlight><highlight class="normal"></highlight></codeline>
<codeline lineno="110"><highlight class="normal"></highlight></codeline>
<codeline lineno="111"><highlight class="normal"></highlight></codeline>
<codeline lineno="112"><highlight class="normal"></highlight><highlight class="preprocessor"><sp/><sp/><sp/><sp/><sp/><sp/><sp/><sp/>#region<sp/>MetodiPerUtenti</highlight><highlight class="normal"></highlight></codeline>
<codeline lineno="113"><highlight class="normal"></highlight></codeline>
<codeline lineno="114"><highlight class="normal"></highlight><highlight class="preprocessor"><sp/><sp/><sp/><sp/><sp/><sp/><sp/><sp/>#region<sp/>Documentazione</highlight><highlight class="normal"></highlight></codeline>
<codeline lineno="115"><highlight class="normal"></highlight></codeline>
<codeline lineno="121"><highlight class="preprocessor"><sp/><sp/><sp/><sp/><sp/><sp/><sp/><sp/>#endregion</highlight><highlight class="normal"></highlight></codeline>
<codeline lineno="122"><highlight class="normal"><sp/><sp/><sp/><sp/><sp/><sp/><sp/><sp/></highlight><highlight class="keyword">public</highlight><highlight class="normal"><sp/><ref refid="class__4___block_chain_p2_p_1_1_utente" kindref="compound">Utente</ref><sp/><ref refid="class__4___block_chain_p2_p_1_1_block_chain_1ae1a7a8559ee87b769cb872af81519685" kindref="member">RicercaUtente</ref>(</highlight><highlight class="keywordtype">string</highlight><highlight class="normal"><sp/>nome)</highlight></codeline>
<codeline lineno="123"><highlight class="normal"><sp/><sp/><sp/><sp/><sp/><sp/><sp/><sp/>{</highlight></codeline>
<codeline lineno="124"><highlight class="normal"></highlight><highlight class="preprocessor"><sp/><sp/><sp/><sp/><sp/><sp/><sp/><sp/><sp/><sp/><sp/><sp/>#region<sp/>spiegazioneCodice</highlight><highlight class="normal"></highlight></codeline>
<codeline lineno="125"><highlight class="normal"><sp/><sp/><sp/><sp/><sp/><sp/><sp/><sp/><sp/><sp/><sp/><sp/></highlight><highlight class="comment">//foreach<sp/>(var<sp/>utente<sp/>in<sp/>Utenti)</highlight><highlight class="normal"></highlight></codeline>
<codeline lineno="126"><highlight class="normal"><sp/><sp/><sp/><sp/><sp/><sp/><sp/><sp/><sp/><sp/><sp/><sp/></highlight><highlight class="comment">//{</highlight><highlight class="normal"></highlight></codeline>
<codeline lineno="127"><highlight class="normal"><sp/><sp/><sp/><sp/><sp/><sp/><sp/><sp/><sp/><sp/><sp/><sp/></highlight><highlight class="comment">//<sp/><sp/><sp/><sp/>if<sp/>(utente.Nome<sp/>==<sp/>nome)</highlight><highlight class="normal"></highlight></codeline>
<codeline lineno="128"><highlight class="normal"><sp/><sp/><sp/><sp/><sp/><sp/><sp/><sp/><sp/><sp/><sp/><sp/></highlight><highlight class="comment">//<sp/><sp/><sp/><sp/>{</highlight><highlight class="normal"></highlight></codeline>
<codeline lineno="129"><highlight class="normal"><sp/><sp/><sp/><sp/><sp/><sp/><sp/><sp/><sp/><sp/><sp/><sp/></highlight><highlight class="comment">//<sp/><sp/><sp/><sp/><sp/><sp/><sp/><sp/>return<sp/>utente;</highlight><highlight class="normal"></highlight></codeline>
<codeline lineno="130"><highlight class="normal"><sp/><sp/><sp/><sp/><sp/><sp/><sp/><sp/><sp/><sp/><sp/><sp/></highlight><highlight class="comment">//<sp/><sp/><sp/><sp/>}</highlight><highlight class="normal"></highlight></codeline>
<codeline lineno="131"><highlight class="normal"><sp/><sp/><sp/><sp/><sp/><sp/><sp/><sp/><sp/><sp/><sp/><sp/></highlight><highlight class="comment">//}</highlight><highlight class="normal"></highlight></codeline>
<codeline lineno="132"><highlight class="normal"><sp/><sp/><sp/><sp/><sp/><sp/><sp/><sp/><sp/><sp/><sp/><sp/></highlight><highlight class="comment">//return<sp/>null;</highlight><highlight class="normal"></highlight></codeline>
<codeline lineno="133"><highlight class="normal"><sp/><sp/><sp/><sp/><sp/><sp/><sp/><sp/><sp/><sp/><sp/><sp/></highlight><highlight class="comment">//questo<sp/>blocco<sp/>di<sp/>codice<sp/>equivale<sp/>all&apos;espressione<sp/>seguente</highlight><highlight class="normal"></highlight></codeline>
<codeline lineno="134"><highlight class="normal"></highlight><highlight class="preprocessor"><sp/><sp/><sp/><sp/><sp/><sp/><sp/><sp/><sp/><sp/><sp/><sp/>#endregion</highlight><highlight class="normal"></highlight></codeline>
<codeline lineno="135"><highlight class="normal"></highlight></codeline>
<codeline lineno="136"><highlight class="normal"><sp/><sp/><sp/><sp/><sp/><sp/><sp/><sp/><sp/><sp/><sp/><sp/></highlight><highlight class="keywordflow">return</highlight><highlight class="normal"><sp/><ref refid="class__4___block_chain_p2_p_1_1_block_chain_1a6155eff074641d1c32284f6c50f0f26f" kindref="member">Utenti</ref>.FirstOrDefault(utente<sp/>=&gt;<sp/>utente.Nome<sp/>==<sp/>nome);</highlight></codeline>
<codeline lineno="137"><highlight class="normal"><sp/><sp/><sp/><sp/><sp/><sp/><sp/><sp/>}</highlight></codeline>
<codeline lineno="138"><highlight class="normal"></highlight></codeline>
<codeline lineno="139"><highlight class="normal"></highlight></codeline>
<codeline lineno="140"><highlight class="normal"></highlight><highlight class="preprocessor"><sp/><sp/><sp/><sp/><sp/><sp/><sp/><sp/>#region<sp/>Documentazione</highlight><highlight class="normal"></highlight></codeline>
<codeline lineno="141"><highlight class="normal"></highlight></codeline>
<codeline lineno="147"><highlight class="normal"></highlight></codeline>
<codeline lineno="148"><highlight class="normal"></highlight><highlight class="preprocessor"><sp/><sp/><sp/><sp/><sp/><sp/><sp/><sp/>#endregion</highlight><highlight class="normal"></highlight></codeline>
<codeline lineno="149"><highlight class="normal"><sp/><sp/><sp/><sp/><sp/><sp/><sp/><sp/></highlight><highlight class="keyword">public</highlight><highlight class="normal"><sp/><ref refid="class__4___block_chain_p2_p_1_1_utente" kindref="compound">Utente</ref><sp/><ref refid="class__4___block_chain_p2_p_1_1_block_chain_1ae1a7a8559ee87b769cb872af81519685" kindref="member">RicercaUtente</ref>(</highlight><highlight class="keywordtype">int</highlight><highlight class="normal">?<sp/>idUtente)</highlight></codeline>
<codeline lineno="150"><highlight class="normal"><sp/><sp/><sp/><sp/><sp/><sp/><sp/><sp/>{</highlight></codeline>
<codeline lineno="151"><highlight class="normal"></highlight><highlight class="preprocessor"><sp/><sp/><sp/><sp/><sp/><sp/><sp/><sp/><sp/><sp/><sp/><sp/>#region<sp/>spiegazioneCodice</highlight><highlight class="normal"></highlight></codeline>
<codeline lineno="152"><highlight class="normal"><sp/><sp/><sp/><sp/><sp/><sp/><sp/><sp/><sp/><sp/><sp/><sp/></highlight><highlight class="comment">//foreach<sp/>(var<sp/>utente<sp/>in<sp/>Utenti)</highlight><highlight class="normal"></highlight></codeline>
<codeline lineno="153"><highlight class="normal"><sp/><sp/><sp/><sp/><sp/><sp/><sp/><sp/><sp/><sp/><sp/><sp/></highlight><highlight class="comment">//{</highlight><highlight class="normal"></highlight></codeline>
<codeline lineno="154"><highlight class="normal"><sp/><sp/><sp/><sp/><sp/><sp/><sp/><sp/><sp/><sp/><sp/><sp/></highlight><highlight class="comment">//<sp/><sp/><sp/><sp/>if<sp/>(utente.Nome<sp/>==<sp/>nome)</highlight><highlight class="normal"></highlight></codeline>
<codeline lineno="155"><highlight class="normal"><sp/><sp/><sp/><sp/><sp/><sp/><sp/><sp/><sp/><sp/><sp/><sp/></highlight><highlight class="comment">//<sp/><sp/><sp/><sp/>{</highlight><highlight class="normal"></highlight></codeline>
<codeline lineno="156"><highlight class="normal"><sp/><sp/><sp/><sp/><sp/><sp/><sp/><sp/><sp/><sp/><sp/><sp/></highlight><highlight class="comment">//<sp/><sp/><sp/><sp/><sp/><sp/><sp/><sp/>return<sp/>utente;</highlight><highlight class="normal"></highlight></codeline>
<codeline lineno="157"><highlight class="normal"><sp/><sp/><sp/><sp/><sp/><sp/><sp/><sp/><sp/><sp/><sp/><sp/></highlight><highlight class="comment">//<sp/><sp/><sp/><sp/>}</highlight><highlight class="normal"></highlight></codeline>
<codeline lineno="158"><highlight class="normal"><sp/><sp/><sp/><sp/><sp/><sp/><sp/><sp/><sp/><sp/><sp/><sp/></highlight><highlight class="comment">//}</highlight><highlight class="normal"></highlight></codeline>
<codeline lineno="159"><highlight class="normal"><sp/><sp/><sp/><sp/><sp/><sp/><sp/><sp/><sp/><sp/><sp/><sp/></highlight><highlight class="comment">//return<sp/>null;</highlight><highlight class="normal"></highlight></codeline>
<codeline lineno="160"><highlight class="normal"><sp/><sp/><sp/><sp/><sp/><sp/><sp/><sp/><sp/><sp/><sp/><sp/></highlight><highlight class="comment">//questo<sp/>blocco<sp/>di<sp/>codice<sp/>equivale<sp/>all&apos;espressione<sp/>seguente</highlight><highlight class="normal"></highlight></codeline>
<codeline lineno="161"><highlight class="normal"></highlight><highlight class="preprocessor"><sp/><sp/><sp/><sp/><sp/><sp/><sp/><sp/><sp/><sp/><sp/><sp/>#endregion</highlight><highlight class="normal"></highlight></codeline>
<codeline lineno="162"><highlight class="normal"></highlight></codeline>
<codeline lineno="163"><highlight class="normal"><sp/><sp/><sp/><sp/><sp/><sp/><sp/><sp/><sp/><sp/><sp/><sp/></highlight><highlight class="keywordflow">return</highlight><highlight class="normal"><sp/><ref refid="class__4___block_chain_p2_p_1_1_block_chain_1a6155eff074641d1c32284f6c50f0f26f" kindref="member">Utenti</ref>.FirstOrDefault(utente<sp/>=&gt;<sp/>utente.IdUnivoco<sp/>==<sp/>idUtente);</highlight></codeline>
<codeline lineno="164"><highlight class="normal"><sp/><sp/><sp/><sp/><sp/><sp/><sp/><sp/>}</highlight></codeline>
<codeline lineno="165"><highlight class="normal"></highlight></codeline>
<codeline lineno="166"><highlight class="normal"></highlight><highlight class="preprocessor"><sp/><sp/><sp/><sp/><sp/><sp/><sp/><sp/>#region<sp/>Documentazione</highlight><highlight class="normal"></highlight></codeline>
<codeline lineno="167"><highlight class="normal"></highlight></codeline>
<codeline lineno="173"><highlight class="normal"></highlight></codeline>
<codeline lineno="174"><highlight class="normal"></highlight><highlight class="preprocessor"><sp/><sp/><sp/><sp/><sp/><sp/><sp/><sp/>#endregion</highlight><highlight class="normal"></highlight></codeline>
<codeline lineno="175"><highlight class="normal"><sp/><sp/><sp/><sp/><sp/><sp/><sp/><sp/></highlight><highlight class="keyword">public</highlight><highlight class="normal"><sp/></highlight><highlight class="keywordtype">bool</highlight><highlight class="normal"><sp/><ref refid="class__4___block_chain_p2_p_1_1_block_chain_1a63e9badc3c7c162d088c21fde333ea56" kindref="member">VerificaUtente</ref>(</highlight><highlight class="keywordtype">string</highlight><highlight class="normal"><sp/>nome)</highlight></codeline>
<codeline lineno="176"><highlight class="normal"><sp/><sp/><sp/><sp/><sp/><sp/><sp/><sp/>{</highlight></codeline>
<codeline lineno="177"><highlight class="normal"></highlight><highlight class="preprocessor"><sp/><sp/><sp/><sp/><sp/><sp/><sp/><sp/><sp/><sp/><sp/><sp/>#region<sp/>spiegazioneCodice</highlight><highlight class="normal"></highlight></codeline>
<codeline lineno="178"><highlight class="normal"><sp/><sp/><sp/><sp/><sp/><sp/><sp/><sp/><sp/><sp/><sp/><sp/></highlight><highlight class="comment">//foreach<sp/>(var<sp/>utente<sp/>in<sp/>Utenti)</highlight><highlight class="normal"></highlight></codeline>
<codeline lineno="179"><highlight class="normal"><sp/><sp/><sp/><sp/><sp/><sp/><sp/><sp/><sp/><sp/><sp/><sp/></highlight><highlight class="comment">//{</highlight><highlight class="normal"></highlight></codeline>
<codeline lineno="180"><highlight class="normal"><sp/><sp/><sp/><sp/><sp/><sp/><sp/><sp/><sp/><sp/><sp/><sp/></highlight><highlight class="comment">//<sp/><sp/><sp/><sp/>if<sp/>(utente.Nome<sp/>==<sp/>nome)</highlight><highlight class="normal"></highlight></codeline>
<codeline lineno="181"><highlight class="normal"><sp/><sp/><sp/><sp/><sp/><sp/><sp/><sp/><sp/><sp/><sp/><sp/></highlight><highlight class="comment">//<sp/><sp/><sp/><sp/>{</highlight><highlight class="normal"></highlight></codeline>
<codeline lineno="182"><highlight class="normal"><sp/><sp/><sp/><sp/><sp/><sp/><sp/><sp/><sp/><sp/><sp/><sp/></highlight><highlight class="comment">//<sp/><sp/><sp/><sp/><sp/><sp/><sp/><sp/>return<sp/>true;</highlight><highlight class="normal"></highlight></codeline>
<codeline lineno="183"><highlight class="normal"><sp/><sp/><sp/><sp/><sp/><sp/><sp/><sp/><sp/><sp/><sp/><sp/></highlight><highlight class="comment">//<sp/><sp/><sp/><sp/>}</highlight><highlight class="normal"></highlight></codeline>
<codeline lineno="184"><highlight class="normal"><sp/><sp/><sp/><sp/><sp/><sp/><sp/><sp/><sp/><sp/><sp/><sp/></highlight><highlight class="comment">//}</highlight><highlight class="normal"></highlight></codeline>
<codeline lineno="185"><highlight class="normal"><sp/><sp/><sp/><sp/><sp/><sp/><sp/><sp/><sp/><sp/><sp/><sp/></highlight><highlight class="comment">//return<sp/>false;</highlight><highlight class="normal"></highlight></codeline>
<codeline lineno="186"><highlight class="normal"><sp/><sp/><sp/><sp/><sp/><sp/><sp/><sp/><sp/><sp/><sp/><sp/></highlight><highlight class="comment">//questo<sp/>blocco<sp/>di<sp/>codice<sp/>equivale<sp/>all&apos;espressione<sp/>seguente</highlight><highlight class="normal"></highlight></codeline>
<codeline lineno="187"><highlight class="normal"></highlight><highlight class="preprocessor"><sp/><sp/><sp/><sp/><sp/><sp/><sp/><sp/><sp/><sp/><sp/><sp/>#endregion</highlight><highlight class="normal"></highlight></codeline>
<codeline lineno="188"><highlight class="normal"></highlight></codeline>
<codeline lineno="189"><highlight class="normal"><sp/><sp/><sp/><sp/><sp/><sp/><sp/><sp/><sp/><sp/><sp/><sp/></highlight><highlight class="keywordflow">return</highlight><highlight class="normal"><sp/><ref refid="class__4___block_chain_p2_p_1_1_block_chain_1a6155eff074641d1c32284f6c50f0f26f" kindref="member">Utenti</ref>.Any(utente<sp/>=&gt;<sp/>utente.Nome<sp/>==<sp/>nome);</highlight></codeline>
<codeline lineno="190"><highlight class="normal"><sp/><sp/><sp/><sp/><sp/><sp/><sp/><sp/>}</highlight></codeline>
<codeline lineno="191"><highlight class="normal"></highlight></codeline>
<codeline lineno="192"><highlight class="normal"></highlight><highlight class="preprocessor"><sp/><sp/><sp/><sp/><sp/><sp/><sp/><sp/>#region<sp/>Documentazione</highlight><highlight class="normal"></highlight></codeline>
<codeline lineno="193"><highlight class="normal"></highlight><highlight class="preprocessor"><sp/><sp/><sp/><sp/><sp/><sp/><sp/><sp/>#endregion<sp/></highlight><highlight class="normal"></highlight></codeline>
<codeline lineno="195"><highlight class="normal"><sp/><sp/><sp/><sp/><sp/><sp/><sp/><sp/></highlight><highlight class="keyword">public</highlight><highlight class="normal"><sp/></highlight><highlight class="keywordtype">void</highlight><highlight class="normal"><sp/><ref refid="class__4___block_chain_p2_p_1_1_block_chain_1ae1a3e3f0f9a27a5ff76958c7e7844f8f" kindref="member">AggiornaSaldoUtenti</ref>()</highlight></codeline>
<codeline lineno="196"><highlight class="normal"><sp/><sp/><sp/><sp/><sp/><sp/><sp/><sp/>{</highlight></codeline>
<codeline lineno="197"><highlight class="normal"></highlight></codeline>
<codeline lineno="198"><highlight class="normal"><sp/><sp/><sp/><sp/><sp/><sp/><sp/><sp/><sp/><sp/><sp/><sp/></highlight><highlight class="keywordflow">foreach</highlight><highlight class="normal"><sp/>(<ref refid="class__4___block_chain_p2_p_1_1_blocco" kindref="compound">Blocco</ref><sp/>blocco<sp/></highlight><highlight class="keywordflow">in</highlight><highlight class="normal"><sp/>Catena)</highlight></codeline>
<codeline lineno="199"><highlight class="normal"><sp/><sp/><sp/><sp/><sp/><sp/><sp/><sp/><sp/><sp/><sp/><sp/>{</highlight></codeline>
<codeline lineno="200"><highlight class="normal"><sp/><sp/><sp/><sp/><sp/><sp/><sp/><sp/><sp/><sp/><sp/><sp/><sp/><sp/><sp/><sp/></highlight><highlight class="keywordflow">foreach</highlight><highlight class="normal"><sp/>(<ref refid="class__4___block_chain_p2_p_1_1_transazione" kindref="compound">Transazione</ref><sp/>transazione<sp/></highlight><highlight class="keywordflow">in</highlight><highlight class="normal"><sp/>blocco.Transazioni)</highlight></codeline>
<codeline lineno="201"><highlight class="normal"><sp/><sp/><sp/><sp/><sp/><sp/><sp/><sp/><sp/><sp/><sp/><sp/><sp/><sp/><sp/><sp/>{</highlight></codeline>
<codeline lineno="202"><highlight class="normal"><sp/><sp/><sp/><sp/><sp/><sp/><sp/><sp/><sp/><sp/><sp/><sp/><sp/><sp/><sp/><sp/><sp/><sp/><sp/><sp/></highlight><highlight class="keywordflow">if</highlight><highlight class="normal"><sp/>(!transazione.Contabilizzata)</highlight></codeline>
<codeline lineno="203"><highlight class="normal"><sp/><sp/><sp/><sp/><sp/><sp/><sp/><sp/><sp/><sp/><sp/><sp/><sp/><sp/><sp/><sp/><sp/><sp/><sp/><sp/>{</highlight></codeline>
<codeline lineno="204"><highlight class="normal"><sp/><sp/><sp/><sp/><sp/><sp/><sp/><sp/><sp/><sp/><sp/><sp/><sp/><sp/><sp/><sp/><sp/><sp/><sp/><sp/><sp/><sp/><sp/><sp/><ref refid="class__4___block_chain_p2_p_1_1_utente" kindref="compound">Utente</ref><sp/>mittente<sp/>=<sp/><ref refid="class__4___block_chain_p2_p_1_1_block_chain_1ae1a7a8559ee87b769cb872af81519685" kindref="member">RicercaUtente</ref>(transazione.<ref refid="class__4___block_chain_p2_p_1_1_transazione_1a2c12bab8ae954170808fcabcb1bc6a99" kindref="member">IdMittente</ref>);</highlight></codeline>
<codeline lineno="205"><highlight class="normal"><sp/><sp/><sp/><sp/><sp/><sp/><sp/><sp/><sp/><sp/><sp/><sp/><sp/><sp/><sp/><sp/><sp/><sp/><sp/><sp/><sp/><sp/><sp/><sp/><ref refid="class__4___block_chain_p2_p_1_1_utente" kindref="compound">Utente</ref><sp/>destinatario<sp/>=<sp/><ref refid="class__4___block_chain_p2_p_1_1_block_chain_1ae1a7a8559ee87b769cb872af81519685" kindref="member">RicercaUtente</ref>(transazione.<ref refid="class__4___block_chain_p2_p_1_1_transazione_1a0a1402926b6361881c93f2fa3dacd877" kindref="member">IdDestinatario</ref>);</highlight></codeline>
<codeline lineno="206"><highlight class="normal"></highlight></codeline>
<codeline lineno="207"><highlight class="normal"><sp/><sp/><sp/><sp/><sp/><sp/><sp/><sp/><sp/><sp/><sp/><sp/><sp/><sp/><sp/><sp/><sp/><sp/><sp/><sp/><sp/><sp/><sp/><sp/></highlight><highlight class="keywordflow">if</highlight><highlight class="normal"><sp/>((transazione.<ref refid="class__4___block_chain_p2_p_1_1_transazione_1a2c12bab8ae954170808fcabcb1bc6a99" kindref="member">IdMittente</ref><sp/>!=<sp/></highlight><highlight class="keyword">null</highlight><highlight class="normal">)<sp/>&amp;&amp;<sp/>(transazione.<ref refid="class__4___block_chain_p2_p_1_1_transazione_1a2c12bab8ae954170808fcabcb1bc6a99" kindref="member">IdMittente</ref><sp/>==<sp/>mittente.<ref refid="class__4___block_chain_p2_p_1_1_utente_1a7b128019f9605a0dd9339a8a2bd21dcf" kindref="member">IdUnivoco</ref>)<sp/>&amp;&amp;<sp/>(transazione.<ref refid="class__4___block_chain_p2_p_1_1_transazione_1a0a1402926b6361881c93f2fa3dacd877" kindref="member">IdDestinatario</ref><sp/>==<sp/>destinatario.<ref refid="class__4___block_chain_p2_p_1_1_utente_1a7b128019f9605a0dd9339a8a2bd21dcf" kindref="member">IdUnivoco</ref>))</highlight></codeline>
<codeline lineno="208"><highlight class="normal"><sp/><sp/><sp/><sp/><sp/><sp/><sp/><sp/><sp/><sp/><sp/><sp/><sp/><sp/><sp/><sp/><sp/><sp/><sp/><sp/><sp/><sp/><sp/><sp/>{</highlight></codeline>
<codeline lineno="209"><highlight class="normal"><sp/><sp/><sp/><sp/><sp/><sp/><sp/><sp/><sp/><sp/><sp/><sp/><sp/><sp/><sp/><sp/><sp/><sp/><sp/><sp/><sp/><sp/><sp/><sp/><sp/><sp/><sp/><sp/>SmartContract.VerificaSaldo(mittente.<ref refid="class__4___block_chain_p2_p_1_1_utente_1ad364e173ae0e330a59210c6b8f84c039" kindref="member">Nome</ref>,<sp/>destinatario.<ref refid="class__4___block_chain_p2_p_1_1_utente_1ad364e173ae0e330a59210c6b8f84c039" kindref="member">Nome</ref>,<sp/>transazione.<ref refid="class__4___block_chain_p2_p_1_1_transazione_1af1c3c934520f566437ae21faaf956fee" kindref="member">Valore</ref>);</highlight></codeline>
<codeline lineno="210"><highlight class="normal"><sp/><sp/><sp/><sp/><sp/><sp/><sp/><sp/><sp/><sp/><sp/><sp/><sp/><sp/><sp/><sp/><sp/><sp/><sp/><sp/><sp/><sp/><sp/><sp/>}</highlight></codeline>
<codeline lineno="211"><highlight class="normal"></highlight></codeline>
<codeline lineno="212"><highlight class="normal"><sp/><sp/><sp/><sp/><sp/><sp/><sp/><sp/><sp/><sp/><sp/><sp/><sp/><sp/><sp/><sp/><sp/><sp/><sp/><sp/><sp/><sp/><sp/><sp/>transazione.Contabilizzata<sp/>=<sp/></highlight><highlight class="keyword">true</highlight><highlight class="normal">;</highlight></codeline>
<codeline lineno="213"><highlight class="normal"><sp/><sp/><sp/><sp/><sp/><sp/><sp/><sp/><sp/><sp/><sp/><sp/><sp/><sp/><sp/><sp/><sp/><sp/><sp/><sp/>}</highlight></codeline>
<codeline lineno="214"><highlight class="normal"><sp/><sp/><sp/><sp/><sp/><sp/><sp/><sp/><sp/><sp/><sp/><sp/><sp/><sp/><sp/><sp/>}</highlight></codeline>
<codeline lineno="215"><highlight class="normal"><sp/><sp/><sp/><sp/><sp/><sp/><sp/><sp/><sp/><sp/><sp/><sp/>}</highlight></codeline>
<codeline lineno="216"><highlight class="normal"><sp/><sp/><sp/><sp/><sp/><sp/><sp/><sp/>}</highlight></codeline>
<codeline lineno="217"><highlight class="normal"></highlight></codeline>
<codeline lineno="218"><highlight class="normal"></highlight><highlight class="preprocessor"><sp/><sp/><sp/><sp/><sp/><sp/><sp/><sp/>#endregion</highlight><highlight class="normal"></highlight></codeline>
<codeline lineno="219"><highlight class="normal"></highlight></codeline>
<codeline lineno="220"><highlight class="normal"></highlight></codeline>
<codeline lineno="221"><highlight class="normal"></highlight><highlight class="preprocessor"><sp/><sp/><sp/><sp/><sp/><sp/><sp/><sp/>#region<sp/>MetodiTransazioni</highlight><highlight class="normal"></highlight></codeline>
<codeline lineno="222"><highlight class="normal"></highlight></codeline>
<codeline lineno="223"><highlight class="normal"><sp/><sp/><sp/><sp/><sp/><sp/><sp/><sp/></highlight><highlight class="keyword">public</highlight><highlight class="normal"><sp/></highlight><highlight class="keywordtype">void</highlight><highlight class="normal"><sp/>CreaTransazione(<ref refid="class__4___block_chain_p2_p_1_1_transazione" kindref="compound">Transazione</ref><sp/>transazione)</highlight></codeline>
<codeline lineno="224"><highlight class="normal"><sp/><sp/><sp/><sp/><sp/><sp/><sp/><sp/>{</highlight></codeline>
<codeline lineno="225"><highlight class="normal"><sp/><sp/><sp/><sp/><sp/><sp/><sp/><sp/><sp/><sp/><sp/><sp/><ref refid="class__4___block_chain_p2_p_1_1_block_chain_1a9bf15ec9223c0e4d2da39cccea213230" kindref="member">TransazioniInAttesa</ref>.Add(transazione);</highlight></codeline>
<codeline lineno="226"><highlight class="normal"><sp/><sp/><sp/><sp/><sp/><sp/><sp/><sp/>}</highlight></codeline>
<codeline lineno="227"><highlight class="normal"></highlight></codeline>
<codeline lineno="228"><highlight class="normal"></highlight><highlight class="preprocessor"><sp/><sp/><sp/><sp/><sp/><sp/><sp/><sp/>#region<sp/>Documentazione</highlight><highlight class="normal"></highlight></codeline>
<codeline lineno="229"><highlight class="normal"></highlight><highlight class="preprocessor"><sp/><sp/><sp/><sp/><sp/><sp/><sp/><sp/>#endregion</highlight><highlight class="normal"></highlight></codeline>
<codeline lineno="232"><highlight class="normal"><sp/><sp/><sp/><sp/><sp/><sp/><sp/><sp/></highlight><highlight class="keyword">public</highlight><highlight class="normal"><sp/></highlight><highlight class="keywordtype">void</highlight><highlight class="normal"><sp/><ref refid="class__4___block_chain_p2_p_1_1_block_chain_1a7af1d26e9b426e45fe4aac22e42c5156" kindref="member">MinaTransazioni</ref>(<ref refid="class__4___block_chain_p2_p_1_1_utente" kindref="compound">Utente</ref><sp/>miner)</highlight></codeline>
<codeline lineno="233"><highlight class="normal"><sp/><sp/><sp/><sp/><sp/><sp/><sp/><sp/>{</highlight></codeline>
<codeline lineno="234"><highlight class="normal"></highlight></codeline>
<codeline lineno="235"><highlight class="normal"><sp/><sp/><sp/><sp/><sp/><sp/><sp/><sp/><sp/><sp/><sp/><sp/><ref refid="class__4___block_chain_p2_p_1_1_block_chain_1a9bf15ec9223c0e4d2da39cccea213230" kindref="member">TransazioniInAttesa</ref><sp/>=<sp/></highlight><highlight class="keyword">new</highlight><highlight class="normal"><sp/>List&lt;Transazione&gt;();</highlight></codeline>
<codeline lineno="236"><highlight class="normal"></highlight></codeline>
<codeline lineno="237"><highlight class="normal"><sp/><sp/><sp/><sp/><sp/><sp/><sp/><sp/><sp/><sp/><sp/><sp/>CreaTransazione(</highlight><highlight class="keyword">new</highlight><highlight class="normal"><sp/><ref refid="class__4___block_chain_p2_p_1_1_transazione" kindref="compound">Transazione</ref>(</highlight><highlight class="keyword">null</highlight><highlight class="normal">,<sp/>miner,<sp/><ref refid="class__4___block_chain_p2_p_1_1_block_chain_1adec20ceead9755cb5060488e67163015" kindref="member">Ricompensa</ref>));</highlight></codeline>
<codeline lineno="238"><highlight class="normal"></highlight></codeline>
<codeline lineno="239"><highlight class="normal"><sp/><sp/><sp/><sp/><sp/><sp/><sp/><sp/><sp/><sp/><sp/><sp/><ref refid="class__4___block_chain_p2_p_1_1_blocco" kindref="compound">Blocco</ref><sp/>blocco<sp/>=<sp/></highlight><highlight class="keyword">new</highlight><highlight class="normal"><sp/><ref refid="class__4___block_chain_p2_p_1_1_blocco" kindref="compound">Blocco</ref>(DateTime.Now,<sp/>GetUltimoBlocco().HashBloccoCorrente,<sp/><ref refid="class__4___block_chain_p2_p_1_1_block_chain_1a9bf15ec9223c0e4d2da39cccea213230" kindref="member">TransazioniInAttesa</ref>);</highlight></codeline>
<codeline lineno="240"><highlight class="normal"></highlight></codeline>
<codeline lineno="241"><highlight class="normal"><sp/><sp/><sp/><sp/><sp/><sp/><sp/><sp/><sp/><sp/><sp/><sp/><ref refid="class__4___block_chain_p2_p_1_1_block_chain_1a49f1a778cd99d70158258280a1f39ffa" kindref="member">AggiungiBlocco</ref>(blocco);</highlight></codeline>
<codeline lineno="242"><highlight class="normal"></highlight></codeline>
<codeline lineno="243"><highlight class="normal"><sp/><sp/><sp/><sp/><sp/><sp/><sp/><sp/><sp/><sp/><sp/><sp/><ref refid="class__4___block_chain_p2_p_1_1_block_chain_1a04f46b57c5a7d066562eef4f92cef8dc" kindref="member">Difficoltà</ref>++;</highlight></codeline>
<codeline lineno="244"><highlight class="normal"></highlight></codeline>
<codeline lineno="245"><highlight class="normal"><sp/><sp/><sp/><sp/><sp/><sp/><sp/><sp/><sp/><sp/><sp/><sp/>SmartContract.RicompensaMiner(miner);</highlight></codeline>
<codeline lineno="246"><highlight class="normal"></highlight></codeline>
<codeline lineno="247"><highlight class="normal"><sp/><sp/><sp/><sp/><sp/><sp/><sp/><sp/><sp/><sp/><sp/><sp/><ref refid="class__4___block_chain_p2_p_1_1_block_chain_1ae1a3e3f0f9a27a5ff76958c7e7844f8f" kindref="member">AggiornaSaldoUtenti</ref>();</highlight></codeline>
<codeline lineno="248"><highlight class="normal"></highlight></codeline>
<codeline lineno="249"><highlight class="normal"><sp/><sp/><sp/><sp/><sp/><sp/><sp/><sp/>}</highlight></codeline>
<codeline lineno="250"><highlight class="normal"></highlight></codeline>
<codeline lineno="251"><highlight class="normal"></highlight><highlight class="preprocessor"><sp/><sp/><sp/><sp/><sp/><sp/><sp/><sp/>#endregion</highlight><highlight class="normal"></highlight></codeline>
<codeline lineno="252"><highlight class="normal"></highlight></codeline>
<codeline lineno="253"><highlight class="normal"></highlight></codeline>
<codeline lineno="254"><highlight class="normal"></highlight><highlight class="preprocessor"><sp/><sp/><sp/><sp/><sp/><sp/><sp/><sp/>#region<sp/>Documentazione</highlight><highlight class="normal"></highlight></codeline>
<codeline lineno="255"><highlight class="normal"></highlight><highlight class="preprocessor"><sp/><sp/><sp/><sp/><sp/><sp/><sp/><sp/>#endregion</highlight><highlight class="normal"></highlight></codeline>
<codeline lineno="261"><highlight class="normal"><sp/><sp/><sp/><sp/><sp/><sp/><sp/><sp/></highlight><highlight class="keyword">public</highlight><highlight class="normal"><sp/></highlight><highlight class="keywordtype">bool</highlight><highlight class="normal"><sp/><ref refid="class__4___block_chain_p2_p_1_1_block_chain_1a72609fae1e32e0cf6b3eb0c92b035a77" kindref="member">IsValido</ref>()</highlight></codeline>
<codeline lineno="262"><highlight class="normal"><sp/><sp/><sp/><sp/><sp/><sp/><sp/><sp/>{</highlight></codeline>
<codeline lineno="263"><highlight class="normal"><sp/><sp/><sp/><sp/><sp/><sp/><sp/><sp/><sp/><sp/><sp/><sp/></highlight><highlight class="keywordflow">return</highlight><highlight class="normal"><sp/>SmartContract.ValidaBlockchain();</highlight></codeline>
<codeline lineno="264"><highlight class="normal"><sp/><sp/><sp/><sp/><sp/><sp/><sp/><sp/>}</highlight></codeline>
<codeline lineno="265"><highlight class="normal"></highlight></codeline>
<codeline lineno="266"><highlight class="normal"></highlight></codeline>
<codeline lineno="267"><highlight class="normal"></highlight><highlight class="preprocessor"><sp/><sp/><sp/><sp/><sp/><sp/><sp/><sp/>#region<sp/>Documentazione</highlight><highlight class="normal"></highlight></codeline>
<codeline lineno="268"><highlight class="normal"></highlight><highlight class="preprocessor"><sp/><sp/><sp/><sp/><sp/><sp/><sp/><sp/>#endregion</highlight><highlight class="normal"></highlight></codeline>
<codeline lineno="271"><highlight class="normal"><sp/><sp/><sp/><sp/><sp/><sp/><sp/><sp/></highlight><highlight class="keyword">public</highlight><highlight class="normal"><sp/></highlight><highlight class="keywordtype">int</highlight><highlight class="normal"><sp/><ref refid="class__4___block_chain_p2_p_1_1_block_chain_1a5c416106e3eec6195b659844f7fe2432" kindref="member">AggiornaBilancio</ref>()</highlight></codeline>
<codeline lineno="272"><highlight class="normal"><sp/><sp/><sp/><sp/><sp/><sp/><sp/><sp/>{</highlight></codeline>
<codeline lineno="273"><highlight class="normal"></highlight><highlight class="preprocessor"><sp/><sp/><sp/><sp/><sp/><sp/><sp/><sp/><sp/><sp/><sp/><sp/>#region<sp/>SpiegazioneCodice</highlight><highlight class="normal"></highlight></codeline>
<codeline lineno="274"><highlight class="normal"></highlight></codeline>
<codeline lineno="275"><highlight class="normal"><sp/><sp/><sp/><sp/><sp/><sp/><sp/><sp/><sp/><sp/><sp/><sp/></highlight><highlight class="comment">//foreach<sp/>(Utente<sp/>utente<sp/>in<sp/>Utenti)</highlight><highlight class="normal"></highlight></codeline>
<codeline lineno="276"><highlight class="normal"><sp/><sp/><sp/><sp/><sp/><sp/><sp/><sp/><sp/><sp/><sp/><sp/></highlight><highlight class="comment">//{</highlight><highlight class="normal"></highlight></codeline>
<codeline lineno="277"><highlight class="normal"><sp/><sp/><sp/><sp/><sp/><sp/><sp/><sp/><sp/><sp/><sp/><sp/></highlight><highlight class="comment">//<sp/><sp/><sp/><sp/>bilancio<sp/>+=<sp/>utente.Saldo.Count;</highlight><highlight class="normal"></highlight></codeline>
<codeline lineno="278"><highlight class="normal"><sp/><sp/><sp/><sp/><sp/><sp/><sp/><sp/><sp/><sp/><sp/><sp/></highlight><highlight class="comment">//}</highlight><highlight class="normal"></highlight></codeline>
<codeline lineno="279"><highlight class="normal"><sp/><sp/><sp/><sp/><sp/><sp/><sp/><sp/><sp/><sp/><sp/><sp/></highlight><highlight class="comment">//return<sp/>bilancio;</highlight><highlight class="normal"></highlight></codeline>
<codeline lineno="280"><highlight class="normal"></highlight></codeline>
<codeline lineno="281"><highlight class="normal"></highlight><highlight class="preprocessor"><sp/><sp/><sp/><sp/><sp/><sp/><sp/><sp/><sp/><sp/><sp/><sp/>#endregion</highlight><highlight class="normal"></highlight></codeline>
<codeline lineno="282"><highlight class="normal"></highlight></codeline>
<codeline lineno="283"><highlight class="normal"><sp/><sp/><sp/><sp/><sp/><sp/><sp/><sp/><sp/><sp/><sp/><sp/></highlight><highlight class="keywordflow">return</highlight><highlight class="normal"><sp/><ref refid="class__4___block_chain_p2_p_1_1_block_chain_1a6155eff074641d1c32284f6c50f0f26f" kindref="member">Utenti</ref>.Sum(utente<sp/>=&gt;<sp/>utente.Saldo.Count);</highlight></codeline>
<codeline lineno="284"><highlight class="normal"><sp/><sp/><sp/><sp/><sp/><sp/><sp/><sp/>}</highlight></codeline>
<codeline lineno="285"><highlight class="normal"><sp/><sp/><sp/><sp/>}</highlight></codeline>
<codeline lineno="286"><highlight class="normal">}</highlight></codeline>
    </programlisting>
    <location file="blockchain-database-unimol/4-BlockChainP2P/BlockChain.cs"/>
  </compounddef>
</doxygen>
