<?xml version='1.0' encoding='UTF-8' standalone='no'?>
<doxygen xmlns:xsi="http://www.w3.org/2001/XMLSchema-instance" xsi:noNamespaceSchemaLocation="compound.xsd" version="1.8.15">
  <compounddef id="class__4___block_chain_p2_p_1_1_gm" kind="class" language="C#" prot="public">
    <compoundname>_4_BlockChainP2P::Gm</compoundname>
      <sectiondef kind="property">
      <memberdef kind="property" id="class__4___block_chain_p2_p_1_1_gm_1ace333137ddd077468d90a3dad2dd904f" prot="public" static="no" readable="no" writable="no" gettable="yes" privategettable="no" protectedgettable="no" settable="yes" privatesettable="no" protectedsettable="no">
        <type>string</type>
        <definition>string _4_BlockChainP2P.Gm.Name</definition>
        <argsstring></argsstring>
        <name>Name</name>
        <briefdescription>
        </briefdescription>
        <detaileddescription>
        </detaileddescription>
        <inbodydescription>
        </inbodydescription>
        <location file="blockchain-database-unimol/4-BlockChainP2P/Candidati.cs" line="92" column="1" bodyfile="blockchain-database-unimol/4-BlockChainP2P/Candidati.cs" bodystart="92" bodyend="92"/>
      </memberdef>
      <memberdef kind="property" id="class__4___block_chain_p2_p_1_1_gm_1a82fb9b0f004b86d820b68e39957a05bc" prot="public" static="no" readable="no" writable="no" gettable="yes" privategettable="no" protectedgettable="no" settable="yes" privatesettable="no" protectedsettable="no">
        <type>string</type>
        <definition>string _4_BlockChainP2P.Gm.Matricola</definition>
        <argsstring></argsstring>
        <name>Matricola</name>
        <briefdescription>
        </briefdescription>
        <detaileddescription>
        </detaileddescription>
        <inbodydescription>
        </inbodydescription>
        <location file="blockchain-database-unimol/4-BlockChainP2P/Candidati.cs" line="93" column="1" bodyfile="blockchain-database-unimol/4-BlockChainP2P/Candidati.cs" bodystart="93" bodyend="93"/>
      </memberdef>
      </sectiondef>
    <briefdescription>
    </briefdescription>
    <detaileddescription>
    </detaileddescription>
    <location file="blockchain-database-unimol/4-BlockChainP2P/Candidati.cs" line="91" column="1" bodyfile="blockchain-database-unimol/4-BlockChainP2P/Candidati.cs" bodystart="90" bodyend="94"/>
    <listofallmembers>
      <member refid="class__4___block_chain_p2_p_1_1_gm_1a82fb9b0f004b86d820b68e39957a05bc" prot="public" virt="non-virtual"><scope>_4_BlockChainP2P::Gm</scope><name>Matricola</name></member>
      <member refid="class__4___block_chain_p2_p_1_1_gm_1ace333137ddd077468d90a3dad2dd904f" prot="public" virt="non-virtual"><scope>_4_BlockChainP2P::Gm</scope><name>Name</name></member>
    </listofallmembers>
  </compounddef>
</doxygen>
