<?xml version='1.0' encoding='UTF-8' standalone='no'?>
<doxygen xmlns:xsi="http://www.w3.org/2001/XMLSchema-instance" xsi:noNamespaceSchemaLocation="compound.xsd" version="1.8.15">
  <compounddef id="class__4___block_chain_p2_p_1_1_smart_contract_1_1_contratto_json" kind="class" language="C#" prot="private">
    <compoundname>_4_BlockChainP2P::SmartContract::ContrattoJson</compoundname>
      <sectiondef kind="property">
      <memberdef kind="property" id="class__4___block_chain_p2_p_1_1_smart_contract_1_1_contratto_json_1abfdd86e35b8234777449528246ef2014" prot="public" static="no" readable="no" writable="no" gettable="yes" privategettable="no" protectedgettable="no" settable="yes" privatesettable="no" protectedsettable="no">
        <type>string</type>
        <definition>string _4_BlockChainP2P.SmartContract.ContrattoJson.Title</definition>
        <argsstring></argsstring>
        <name>Title</name>
        <briefdescription>
        </briefdescription>
        <detaileddescription>
        </detaileddescription>
        <inbodydescription>
        </inbodydescription>
        <location file="blockchain-database-unimol/4-BlockChainP2P/SmartContract.cs" line="21" column="1" bodyfile="blockchain-database-unimol/4-BlockChainP2P/SmartContract.cs" bodystart="21" bodyend="21"/>
      </memberdef>
      <memberdef kind="property" id="class__4___block_chain_p2_p_1_1_smart_contract_1_1_contratto_json_1a02be5bf08e2dc2f0463331acc450fd87" prot="public" static="no" readable="no" writable="no" gettable="yes" privategettable="no" protectedgettable="no" settable="yes" privatesettable="no" protectedsettable="no">
        <type>string</type>
        <definition>string _4_BlockChainP2P.SmartContract.ContrattoJson.Type</definition>
        <argsstring></argsstring>
        <name>Type</name>
        <briefdescription>
        </briefdescription>
        <detaileddescription>
        </detaileddescription>
        <inbodydescription>
        </inbodydescription>
        <location file="blockchain-database-unimol/4-BlockChainP2P/SmartContract.cs" line="22" column="1" bodyfile="blockchain-database-unimol/4-BlockChainP2P/SmartContract.cs" bodystart="22" bodyend="22"/>
      </memberdef>
      <memberdef kind="property" id="class__4___block_chain_p2_p_1_1_smart_contract_1_1_contratto_json_1a33ca22d29cb5fc84b9726480b3052439" prot="public" static="no" readable="no" writable="no" gettable="yes" privategettable="no" protectedgettable="no" settable="yes" privatesettable="no" protectedsettable="no">
        <type><ref refid="class__4___block_chain_p2_p_1_1_smart_contract_1_1_properties" kindref="compound">Properties</ref></type>
        <definition>Properties _4_BlockChainP2P.SmartContract.ContrattoJson.Properties</definition>
        <argsstring></argsstring>
        <name>Properties</name>
        <briefdescription>
        </briefdescription>
        <detaileddescription>
        </detaileddescription>
        <inbodydescription>
        </inbodydescription>
        <location file="blockchain-database-unimol/4-BlockChainP2P/SmartContract.cs" line="23" column="1" bodyfile="blockchain-database-unimol/4-BlockChainP2P/SmartContract.cs" bodystart="23" bodyend="23"/>
      </memberdef>
      </sectiondef>
    <briefdescription>
    </briefdescription>
    <detaileddescription>
    </detaileddescription>
    <location file="blockchain-database-unimol/4-BlockChainP2P/SmartContract.cs" line="20" column="1" bodyfile="blockchain-database-unimol/4-BlockChainP2P/SmartContract.cs" bodystart="19" bodyend="24"/>
    <listofallmembers>
      <member refid="class__4___block_chain_p2_p_1_1_smart_contract_1_1_contratto_json_1a33ca22d29cb5fc84b9726480b3052439" prot="public" virt="non-virtual"><scope>_4_BlockChainP2P::SmartContract::ContrattoJson</scope><name>Properties</name></member>
      <member refid="class__4___block_chain_p2_p_1_1_smart_contract_1_1_contratto_json_1abfdd86e35b8234777449528246ef2014" prot="public" virt="non-virtual"><scope>_4_BlockChainP2P::SmartContract::ContrattoJson</scope><name>Title</name></member>
      <member refid="class__4___block_chain_p2_p_1_1_smart_contract_1_1_contratto_json_1a02be5bf08e2dc2f0463331acc450fd87" prot="public" virt="non-virtual"><scope>_4_BlockChainP2P::SmartContract::ContrattoJson</scope><name>Type</name></member>
    </listofallmembers>
  </compounddef>
</doxygen>
