<?xml version='1.0' encoding='UTF-8' standalone='no'?>
<doxygen xmlns:xsi="http://www.w3.org/2001/XMLSchema-instance" xsi:noNamespaceSchemaLocation="compound.xsd" version="1.8.15">
  <compounddef id="class__4___block_chain_p2_p_1_1_agv" kind="class" language="C#" prot="public">
    <compoundname>_4_BlockChainP2P::Agv</compoundname>
      <sectiondef kind="property">
      <memberdef kind="property" id="class__4___block_chain_p2_p_1_1_agv_1ae673b2cd706baebd0865d299152494c7" prot="public" static="no" readable="no" writable="no" gettable="yes" privategettable="no" protectedgettable="no" settable="yes" privatesettable="no" protectedsettable="no">
        <type>string</type>
        <definition>string _4_BlockChainP2P.Agv.Name</definition>
        <argsstring></argsstring>
        <name>Name</name>
        <briefdescription>
        </briefdescription>
        <detaileddescription>
        </detaileddescription>
        <inbodydescription>
        </inbodydescription>
        <location file="blockchain-database-unimol/4-BlockChainP2P/Candidati.cs" line="80" column="1" bodyfile="blockchain-database-unimol/4-BlockChainP2P/Candidati.cs" bodystart="80" bodyend="80"/>
      </memberdef>
      <memberdef kind="property" id="class__4___block_chain_p2_p_1_1_agv_1a23bc2bcd94a061e4df65da78586211b4" prot="public" static="no" readable="no" writable="no" gettable="yes" privategettable="no" protectedgettable="no" settable="yes" privatesettable="no" protectedsettable="no">
        <type>string</type>
        <definition>string _4_BlockChainP2P.Agv.Matricola</definition>
        <argsstring></argsstring>
        <name>Matricola</name>
        <briefdescription>
        </briefdescription>
        <detaileddescription>
        </detaileddescription>
        <inbodydescription>
        </inbodydescription>
        <location file="blockchain-database-unimol/4-BlockChainP2P/Candidati.cs" line="81" column="1" bodyfile="blockchain-database-unimol/4-BlockChainP2P/Candidati.cs" bodystart="81" bodyend="81"/>
      </memberdef>
      </sectiondef>
    <briefdescription>
    </briefdescription>
    <detaileddescription>
    </detaileddescription>
    <location file="blockchain-database-unimol/4-BlockChainP2P/Candidati.cs" line="79" column="1" bodyfile="blockchain-database-unimol/4-BlockChainP2P/Candidati.cs" bodystart="78" bodyend="82"/>
    <listofallmembers>
      <member refid="class__4___block_chain_p2_p_1_1_agv_1a23bc2bcd94a061e4df65da78586211b4" prot="public" virt="non-virtual"><scope>_4_BlockChainP2P::Agv</scope><name>Matricola</name></member>
      <member refid="class__4___block_chain_p2_p_1_1_agv_1ae673b2cd706baebd0865d299152494c7" prot="public" virt="non-virtual"><scope>_4_BlockChainP2P::Agv</scope><name>Name</name></member>
    </listofallmembers>
  </compounddef>
</doxygen>
