<?xml version='1.0' encoding='UTF-8' standalone='no'?>
<doxygen xmlns:xsi="http://www.w3.org/2001/XMLSchema-instance" xsi:noNamespaceSchemaLocation="compound.xsd" version="1.8.15">
  <compounddef id="class__4___block_chain_p2_p_1_1_program" kind="class" language="C#" prot="public">
    <compoundname>_4_BlockChainP2P::Program</compoundname>
      <sectiondef kind="private-static-func">
      <memberdef kind="function" id="class__4___block_chain_p2_p_1_1_program_1a6812ed5aceb70ded3e05270af4292353" prot="private" static="yes" const="no" explicit="no" inline="yes" virt="non-virtual">
        <type>void</type>
        <definition>static void _4_BlockChainP2P.Program.TemaChiaro</definition>
        <argsstring>()</argsstring>
        <name>TemaChiaro</name>
        <briefdescription>
        </briefdescription>
        <detaileddescription>
        </detaileddescription>
        <inbodydescription>
        </inbodydescription>
        <location file="blockchain-database-unimol/4-BlockChainP2P/Program.cs" line="7" column="1" bodyfile="blockchain-database-unimol/4-BlockChainP2P/Program.cs" bodystart="7" bodyend="12"/>
      </memberdef>
      </sectiondef>
      <sectiondef kind="public-static-func">
      <memberdef kind="function" id="class__4___block_chain_p2_p_1_1_program_1a2ca07081c954bcc064f99d1cee6ca964" prot="public" static="yes" const="no" explicit="no" inline="yes" virt="non-virtual">
        <type>void</type>
        <definition>static void _4_BlockChainP2P.Program.Main</definition>
        <argsstring>()</argsstring>
        <name>Main</name>
        <briefdescription>
        </briefdescription>
        <detaileddescription>
        </detaileddescription>
        <inbodydescription>
        </inbodydescription>
        <location file="blockchain-database-unimol/4-BlockChainP2P/Program.cs" line="14" column="1" bodyfile="blockchain-database-unimol/4-BlockChainP2P/Program.cs" bodystart="14" bodyend="20"/>
      </memberdef>
      </sectiondef>
    <briefdescription>
    </briefdescription>
    <detaileddescription>
    </detaileddescription>
    <location file="blockchain-database-unimol/4-BlockChainP2P/Program.cs" line="6" column="1" bodyfile="blockchain-database-unimol/4-BlockChainP2P/Program.cs" bodystart="5" bodyend="21"/>
    <listofallmembers>
      <member refid="class__4___block_chain_p2_p_1_1_program_1a2ca07081c954bcc064f99d1cee6ca964" prot="public" virt="non-virtual"><scope>_4_BlockChainP2P::Program</scope><name>Main</name></member>
      <member refid="class__4___block_chain_p2_p_1_1_program_1a6812ed5aceb70ded3e05270af4292353" prot="private" virt="non-virtual"><scope>_4_BlockChainP2P::Program</scope><name>TemaChiaro</name></member>
    </listofallmembers>
  </compounddef>
</doxygen>
