<?xml version='1.0' encoding='UTF-8' standalone='no'?>
<doxygen xmlns:xsi="http://www.w3.org/2001/XMLSchema-instance" xsi:noNamespaceSchemaLocation="compound.xsd" version="1.8.15">
  <compounddef id="class__4___block_chain_p2_p_1_1_p2_p_client" kind="class" language="C#" prot="public">
    <compoundname>_4_BlockChainP2P::P2PClient</compoundname>
      <sectiondef kind="private-attrib">
      <memberdef kind="variable" id="class__4___block_chain_p2_p_1_1_p2_p_client_1adbbc8d899cf7931ed9e14d8eaef04c61" prot="private" static="no" mutable="no">
        <type>readonly IDictionary&lt; string, WebSocket &gt;</type>
        <definition>readonly IDictionary&lt;string, WebSocket&gt; _4_BlockChainP2P.P2PClient._webSocketDictionary</definition>
        <argsstring></argsstring>
        <name>_webSocketDictionary</name>
        <initializer>= new Dictionary&lt;string, WebSocket&gt;()</initializer>
        <briefdescription>
        </briefdescription>
        <detaileddescription>
        </detaileddescription>
        <inbodydescription>
        </inbodydescription>
        <location file="blockchain-database-unimol/4-BlockChainP2P/P2P_Client.cs" line="16" column="1" bodyfile="blockchain-database-unimol/4-BlockChainP2P/P2P_Client.cs" bodystart="16" bodyend="-1"/>
      </memberdef>
      <memberdef kind="variable" id="class__4___block_chain_p2_p_1_1_p2_p_client_1abec46b2daede186097ca8fe6be33df12" prot="private" static="no" mutable="no">
        <type>const int</type>
        <definition>const int _4_BlockChainP2P.P2PClient.MinPorta</definition>
        <argsstring></argsstring>
        <name>MinPorta</name>
        <initializer>= 1024</initializer>
        <briefdescription>
        </briefdescription>
        <detaileddescription>
        </detaileddescription>
        <inbodydescription>
        </inbodydescription>
        <location file="blockchain-database-unimol/4-BlockChainP2P/P2P_Client.cs" line="18" column="1" bodyfile="blockchain-database-unimol/4-BlockChainP2P/P2P_Client.cs" bodystart="18" bodyend="-1"/>
      </memberdef>
      <memberdef kind="variable" id="class__4___block_chain_p2_p_1_1_p2_p_client_1a4950e164ebdf9469f42f2e2a6887eec1" prot="private" static="no" mutable="no">
        <type>const int</type>
        <definition>const int _4_BlockChainP2P.P2PClient.MaxPorta</definition>
        <argsstring></argsstring>
        <name>MaxPorta</name>
        <initializer>= 49151</initializer>
        <briefdescription>
        </briefdescription>
        <detaileddescription>
        </detaileddescription>
        <inbodydescription>
        </inbodydescription>
        <location file="blockchain-database-unimol/4-BlockChainP2P/P2P_Client.cs" line="19" column="1" bodyfile="blockchain-database-unimol/4-BlockChainP2P/P2P_Client.cs" bodystart="19" bodyend="-1"/>
      </memberdef>
      </sectiondef>
      <sectiondef kind="property">
      <memberdef kind="property" id="class__4___block_chain_p2_p_1_1_p2_p_client_1a1700ead3f229eddc55e4c6913319aaf1" prot="public" static="yes" readable="no" writable="no" gettable="yes" privategettable="no" protectedgettable="no" settable="no" privatesettable="yes" protectedsettable="no">
        <type>int</type>
        <definition>int _4_BlockChainP2P.P2PClient.Porta</definition>
        <argsstring></argsstring>
        <name>Porta</name>
        <briefdescription>
        </briefdescription>
        <detaileddescription>
        </detaileddescription>
        <inbodydescription>
        </inbodydescription>
        <location file="blockchain-database-unimol/4-BlockChainP2P/P2P_Client.cs" line="17" column="1" bodyfile="blockchain-database-unimol/4-BlockChainP2P/P2P_Client.cs" bodystart="17" bodyend="17"/>
      </memberdef>
      </sectiondef>
      <sectiondef kind="public-func">
      <memberdef kind="function" id="class__4___block_chain_p2_p_1_1_p2_p_client_1aa1c20c29100e0cb53c03881f80c7c083" prot="public" static="no" const="no" explicit="no" inline="yes" virt="non-virtual">
        <type>void</type>
        <definition>void _4_BlockChainP2P.P2PClient.Connetti</definition>
        <argsstring>(string url)</argsstring>
        <name>Connetti</name>
        <param>
          <type>string</type>
          <declname>url</declname>
        </param>
        <briefdescription>
        </briefdescription>
        <detaileddescription>
        </detaileddescription>
        <inbodydescription>
        </inbodydescription>
        <location file="blockchain-database-unimol/4-BlockChainP2P/P2P_Client.cs" line="24" column="1" bodyfile="blockchain-database-unimol/4-BlockChainP2P/P2P_Client.cs" bodystart="24" bodyend="71"/>
      </memberdef>
      <memberdef kind="function" id="class__4___block_chain_p2_p_1_1_p2_p_client_1a05aeb8a6a0d6a9feecd694436752c3bb" prot="public" static="no" const="no" explicit="no" inline="yes" virt="non-virtual">
        <type>void</type>
        <definition>void _4_BlockChainP2P.P2PClient.Send</definition>
        <argsstring>(string url, string data)</argsstring>
        <name>Send</name>
        <param>
          <type>string</type>
          <declname>url</declname>
        </param>
        <param>
          <type>string</type>
          <declname>data</declname>
        </param>
        <briefdescription>
        </briefdescription>
        <detaileddescription>
        </detaileddescription>
        <inbodydescription>
        </inbodydescription>
        <location file="blockchain-database-unimol/4-BlockChainP2P/P2P_Client.cs" line="81" column="1" bodyfile="blockchain-database-unimol/4-BlockChainP2P/P2P_Client.cs" bodystart="81" bodyend="90"/>
      </memberdef>
      <memberdef kind="function" id="class__4___block_chain_p2_p_1_1_p2_p_client_1a042b49c215facef3cdabeacea97afb1b" prot="public" static="no" const="no" explicit="no" inline="yes" virt="non-virtual">
        <type>void</type>
        <definition>void _4_BlockChainP2P.P2PClient.Broadcast</definition>
        <argsstring>(string data)</argsstring>
        <name>Broadcast</name>
        <param>
          <type>string</type>
          <declname>data</declname>
        </param>
        <briefdescription>
        </briefdescription>
        <detaileddescription>
        </detaileddescription>
        <inbodydescription>
        </inbodydescription>
        <location file="blockchain-database-unimol/4-BlockChainP2P/P2P_Client.cs" line="93" column="1" bodyfile="blockchain-database-unimol/4-BlockChainP2P/P2P_Client.cs" bodystart="93" bodyend="99"/>
      </memberdef>
      <memberdef kind="function" id="class__4___block_chain_p2_p_1_1_p2_p_client_1a2398b73b3a0644140876e1bb5763f025" prot="public" static="no" const="no" explicit="no" inline="yes" virt="non-virtual">
        <type>IList&lt; string &gt;</type>
        <definition>IList&lt;string&gt; _4_BlockChainP2P.P2PClient.GetServers</definition>
        <argsstring>()</argsstring>
        <name>GetServers</name>
        <briefdescription>
        </briefdescription>
        <detaileddescription>
        </detaileddescription>
        <inbodydescription>
        </inbodydescription>
        <location file="blockchain-database-unimol/4-BlockChainP2P/P2P_Client.cs" line="102" column="1" bodyfile="blockchain-database-unimol/4-BlockChainP2P/P2P_Client.cs" bodystart="102" bodyend="110"/>
      </memberdef>
      <memberdef kind="function" id="class__4___block_chain_p2_p_1_1_p2_p_client_1a8b5122e62793d443141e892f25a3a5f8" prot="public" static="no" const="no" explicit="no" inline="yes" virt="non-virtual">
        <type>void</type>
        <definition>void _4_BlockChainP2P.P2PClient.Close</definition>
        <argsstring>()</argsstring>
        <name>Close</name>
        <briefdescription>
        </briefdescription>
        <detaileddescription>
        </detaileddescription>
        <inbodydescription>
        </inbodydescription>
        <location file="blockchain-database-unimol/4-BlockChainP2P/P2P_Client.cs" line="113" column="1" bodyfile="blockchain-database-unimol/4-BlockChainP2P/P2P_Client.cs" bodystart="113" bodyend="119"/>
      </memberdef>
      </sectiondef>
      <sectiondef kind="private-func">
      <memberdef kind="function" id="class__4___block_chain_p2_p_1_1_p2_p_client_1aadb99fd0a040f0b747b6ca4f563d5fe4" prot="private" static="no" const="no" explicit="no" inline="yes" virt="non-virtual">
        <type>int</type>
        <definition>int _4_BlockChainP2P.P2PClient.SelezionaPorta</definition>
        <argsstring>()</argsstring>
        <name>SelezionaPorta</name>
        <briefdescription>
        </briefdescription>
        <detaileddescription>
        </detaileddescription>
        <inbodydescription>
        </inbodydescription>
        <location file="blockchain-database-unimol/4-BlockChainP2P/P2P_Client.cs" line="74" column="1" bodyfile="blockchain-database-unimol/4-BlockChainP2P/P2P_Client.cs" bodystart="74" bodyend="78"/>
      </memberdef>
      </sectiondef>
    <briefdescription>
<para>Gestisce la parte client della socket </para>
    </briefdescription>
    <detaileddescription>
    </detaileddescription>
    <location file="blockchain-database-unimol/4-BlockChainP2P/P2P_Client.cs" line="11" column="1" bodyfile="blockchain-database-unimol/4-BlockChainP2P/P2P_Client.cs" bodystart="10" bodyend="121"/>
    <listofallmembers>
      <member refid="class__4___block_chain_p2_p_1_1_p2_p_client_1adbbc8d899cf7931ed9e14d8eaef04c61" prot="private" virt="non-virtual"><scope>_4_BlockChainP2P::P2PClient</scope><name>_webSocketDictionary</name></member>
      <member refid="class__4___block_chain_p2_p_1_1_p2_p_client_1a042b49c215facef3cdabeacea97afb1b" prot="public" virt="non-virtual"><scope>_4_BlockChainP2P::P2PClient</scope><name>Broadcast</name></member>
      <member refid="class__4___block_chain_p2_p_1_1_p2_p_client_1a8b5122e62793d443141e892f25a3a5f8" prot="public" virt="non-virtual"><scope>_4_BlockChainP2P::P2PClient</scope><name>Close</name></member>
      <member refid="class__4___block_chain_p2_p_1_1_p2_p_client_1aa1c20c29100e0cb53c03881f80c7c083" prot="public" virt="non-virtual"><scope>_4_BlockChainP2P::P2PClient</scope><name>Connetti</name></member>
      <member refid="class__4___block_chain_p2_p_1_1_p2_p_client_1a2398b73b3a0644140876e1bb5763f025" prot="public" virt="non-virtual"><scope>_4_BlockChainP2P::P2PClient</scope><name>GetServers</name></member>
      <member refid="class__4___block_chain_p2_p_1_1_p2_p_client_1a4950e164ebdf9469f42f2e2a6887eec1" prot="private" virt="non-virtual"><scope>_4_BlockChainP2P::P2PClient</scope><name>MaxPorta</name></member>
      <member refid="class__4___block_chain_p2_p_1_1_p2_p_client_1abec46b2daede186097ca8fe6be33df12" prot="private" virt="non-virtual"><scope>_4_BlockChainP2P::P2PClient</scope><name>MinPorta</name></member>
      <member refid="class__4___block_chain_p2_p_1_1_p2_p_client_1a1700ead3f229eddc55e4c6913319aaf1" prot="public" virt="non-virtual"><scope>_4_BlockChainP2P::P2PClient</scope><name>Porta</name></member>
      <member refid="class__4___block_chain_p2_p_1_1_p2_p_client_1aadb99fd0a040f0b747b6ca4f563d5fe4" prot="private" virt="non-virtual"><scope>_4_BlockChainP2P::P2PClient</scope><name>SelezionaPorta</name></member>
      <member refid="class__4___block_chain_p2_p_1_1_p2_p_client_1a05aeb8a6a0d6a9feecd694436752c3bb" prot="public" virt="non-virtual"><scope>_4_BlockChainP2P::P2PClient</scope><name>Send</name></member>
    </listofallmembers>
  </compounddef>
</doxygen>
