<?xml version='1.0' encoding='UTF-8' standalone='no'?>
<doxygen xmlns:xsi="http://www.w3.org/2001/XMLSchema-instance" xsi:noNamespaceSchemaLocation="compound.xsd" version="1.8.15">
  <compounddef id="namespace_web_socket_sharp_1_1_server" kind="namespace" language="Unknown">
    <compoundname>WebSocketSharp::Server</compoundname>
    <briefdescription>
    </briefdescription>
    <detaileddescription>
    </detaileddescription>
    <location file="blockchain-database-unimol/4-BlockChainP2P/P2P_Server.cs" line="4" column="1"/>
  </compounddef>
</doxygen>
