<?xml version='1.0' encoding='UTF-8' standalone='no'?>
<doxygen xmlns:xsi="http://www.w3.org/2001/XMLSchema-instance" xsi:noNamespaceSchemaLocation="compound.xsd" version="1.8.15">
  <compounddef id="namespace__4___block_chain_p2_p" kind="namespace" language="C#">
    <compoundname>_4_BlockChainP2P</compoundname>
    <innerclass refid="class__4___block_chain_p2_p_1_1_agv" prot="public">_4_BlockChainP2P::Agv</innerclass>
    <innerclass refid="class__4___block_chain_p2_p_1_1_blocco" prot="public">_4_BlockChainP2P::Blocco</innerclass>
    <innerclass refid="class__4___block_chain_p2_p_1_1_block_chain" prot="public">_4_BlockChainP2P::BlockChain</innerclass>
    <innerclass refid="class__4___block_chain_p2_p_1_1_ca" prot="public">_4_BlockChainP2P::Ca</innerclass>
    <innerclass refid="class__4___block_chain_p2_p_1_1_candidati" prot="public">_4_BlockChainP2P::Candidati</innerclass>
    <innerclass refid="class__4___block_chain_p2_p_1_1_candidati_json" prot="public">_4_BlockChainP2P::CandidatiJson</innerclass>
    <innerclass refid="class__4___block_chain_p2_p_1_1_gm" prot="public">_4_BlockChainP2P::Gm</innerclass>
    <innerclass refid="class__4___block_chain_p2_p_1_1_menu" prot="public">_4_BlockChainP2P::Menu</innerclass>
    <innerclass refid="class__4___block_chain_p2_p_1_1_moneta" prot="public">_4_BlockChainP2P::Moneta</innerclass>
    <innerclass refid="class__4___block_chain_p2_p_1_1_p2_p_client" prot="public">_4_BlockChainP2P::P2PClient</innerclass>
    <innerclass refid="class__4___block_chain_p2_p_1_1_p2_p_server" prot="public">_4_BlockChainP2P::P2PServer</innerclass>
    <innerclass refid="class__4___block_chain_p2_p_1_1_professor" prot="public">_4_BlockChainP2P::Professor</innerclass>
    <innerclass refid="class__4___block_chain_p2_p_1_1_program" prot="public">_4_BlockChainP2P::Program</innerclass>
    <innerclass refid="class__4___block_chain_p2_p_1_1_properties" prot="public">_4_BlockChainP2P::Properties</innerclass>
    <innerclass refid="class__4___block_chain_p2_p_1_1_smart_contract" prot="public">_4_BlockChainP2P::SmartContract</innerclass>
    <innerclass refid="class__4___block_chain_p2_p_1_1_transazione" prot="public">_4_BlockChainP2P::Transazione</innerclass>
    <innerclass refid="class__4___block_chain_p2_p_1_1_utente" prot="public">_4_BlockChainP2P::Utente</innerclass>
    <briefdescription>
    </briefdescription>
    <detaileddescription>
    </detaileddescription>
    <location file="blockchain-database-unimol/4-BlockChainP2P/Blocco.cs" line="17" column="1"/>
  </compounddef>
</doxygen>
