<?xml version='1.0' encoding='UTF-8' standalone='no'?>
<doxygen xmlns:xsi="http://www.w3.org/2001/XMLSchema-instance" xsi:noNamespaceSchemaLocation="compound.xsd" version="1.8.15">
  <compounddef id="namespace_system_1_1_security_1_1_cryptography" kind="namespace" language="Unknown">
    <compoundname>System::Security::Cryptography</compoundname>
    <briefdescription>
    </briefdescription>
    <detaileddescription>
    </detaileddescription>
    <location file="blockchain-database-unimol/4-BlockChainP2P/Blocco.cs" line="7" column="1"/>
  </compounddef>
</doxygen>
