<?xml version='1.0' encoding='UTF-8' standalone='no'?>
<doxygen xmlns:xsi="http://www.w3.org/2001/XMLSchema-instance" xsi:noNamespaceSchemaLocation="compound.xsd" version="1.8.15">
  <compounddef id="namespace_newtonsoft_1_1_json" kind="namespace" language="Unknown">
    <compoundname>Newtonsoft::Json</compoundname>
    <briefdescription>
    </briefdescription>
    <detaileddescription>
    </detaileddescription>
    <location file="blockchain-database-unimol/4-BlockChainP2P/Blocco.cs" line="13" column="1"/>
  </compounddef>
</doxygen>
