<?xml version='1.0' encoding='UTF-8' standalone='no'?>
<doxygen xmlns:xsi="http://www.w3.org/2001/XMLSchema-instance" xsi:noNamespaceSchemaLocation="compound.xsd" version="1.8.15">
  <compounddef id="_smart_contract_8cs" kind="file" language="C#">
    <compoundname>SmartContract.cs</compoundname>
    <innerclass refid="class__3___block_chain_menu_1_1_smart_contract" prot="public">_3_BlockChainMenu::SmartContract</innerclass>
    <innerclass refid="class__3___block_chain_menu_1_1_smart_contract_1_1_contratto_json" prot="public">_3_BlockChainMenu::SmartContract::ContrattoJson</innerclass>
    <innerclass refid="class__3___block_chain_menu_1_1_smart_contract_1_1_properties" prot="public">_3_BlockChainMenu::SmartContract::Properties</innerclass>
    <innerclass refid="class__3___block_chain_menu_1_1_smart_contract_1_1_validationdata" prot="public">_3_BlockChainMenu::SmartContract::Validationdata</innerclass>
    <innerclass refid="class__3___block_chain_menu_1_1_smart_contract_1_1_clause" prot="public">_3_BlockChainMenu::SmartContract::Clause</innerclass>
    <innerclass refid="class__3___block_chain_menu_1_1_smart_contract_1_1_revision" prot="public">_3_BlockChainMenu::SmartContract::Revision</innerclass>
    <innernamespace refid="namespace__3___block_chain_menu">_3_BlockChainMenu</innernamespace>
    <briefdescription>
    </briefdescription>
    <detaileddescription>
    </detaileddescription>
    <programlisting>
<codeline lineno="1"><highlight class="keyword">using</highlight><highlight class="normal"><sp/>System;</highlight></codeline>
<codeline lineno="2"><highlight class="normal"></highlight><highlight class="keyword">using</highlight><highlight class="normal"><sp/>System.IO;</highlight></codeline>
<codeline lineno="3"><highlight class="normal"></highlight><highlight class="keyword">using</highlight><highlight class="normal"><sp/>System.Linq;</highlight></codeline>
<codeline lineno="4"><highlight class="normal"></highlight><highlight class="keyword">using</highlight><highlight class="normal"><sp/>System.Runtime.InteropServices;</highlight></codeline>
<codeline lineno="5"><highlight class="normal"></highlight><highlight class="keyword">using</highlight><highlight class="normal"><sp/>Newtonsoft.Json;</highlight></codeline>
<codeline lineno="6"><highlight class="normal"></highlight></codeline>
<codeline lineno="7"><highlight class="normal"></highlight><highlight class="keyword">namespace<sp/></highlight><highlight class="normal"><ref refid="namespace__3___block_chain_menu" kindref="compound">_3_BlockChainMenu</ref></highlight></codeline>
<codeline lineno="8"><highlight class="normal">{</highlight></codeline>
<codeline lineno="9"><highlight class="normal"></highlight></codeline>
<codeline lineno="11"><highlight class="normal"><sp/><sp/><sp/><sp/></highlight><highlight class="keyword">internal</highlight><highlight class="normal"><sp/></highlight><highlight class="keyword">static</highlight><highlight class="normal"><sp/></highlight><highlight class="keyword">class<sp/></highlight><highlight class="normal">SmartContract</highlight></codeline>
<codeline lineno="12"><highlight class="normal"><sp/><sp/><sp/><sp/>{</highlight></codeline>
<codeline lineno="13"><highlight class="normal"></highlight></codeline>
<codeline lineno="14"><highlight class="normal"></highlight></codeline>
<codeline lineno="15"><highlight class="normal"></highlight><highlight class="preprocessor"><sp/><sp/><sp/><sp/><sp/><sp/><sp/><sp/>#region<sp/>Membi</highlight><highlight class="normal"></highlight></codeline>
<codeline lineno="16"><highlight class="normal"></highlight></codeline>
<codeline lineno="17"><highlight class="normal"></highlight><highlight class="preprocessor"><sp/><sp/><sp/><sp/><sp/><sp/><sp/><sp/>#region<sp/>DefinizioneProprietàOggettoJson</highlight><highlight class="normal"></highlight></codeline>
<codeline lineno="18"><highlight class="normal"></highlight></codeline>
<codeline lineno="19"><highlight class="normal"></highlight></codeline>
<codeline lineno="20" refid="class__3___block_chain_menu_1_1_smart_contract_1_1_contratto_json" refkind="compound"><highlight class="normal"><sp/><sp/><sp/><sp/><sp/><sp/><sp/><sp/></highlight><highlight class="keyword">public</highlight><highlight class="normal"><sp/></highlight><highlight class="keyword">class<sp/></highlight><highlight class="normal"><ref refid="class__3___block_chain_menu_1_1_smart_contract_1_1_contratto_json" kindref="compound">ContrattoJson</ref></highlight></codeline>
<codeline lineno="21"><highlight class="normal"><sp/><sp/><sp/><sp/><sp/><sp/><sp/><sp/>{</highlight></codeline>
<codeline lineno="22"><highlight class="normal"><sp/><sp/><sp/><sp/><sp/><sp/><sp/><sp/><sp/><sp/><sp/><sp/></highlight><highlight class="keyword">public</highlight><highlight class="normal"><sp/></highlight><highlight class="keywordtype">string</highlight><highlight class="normal"><sp/>Schema<sp/>{<sp/></highlight><highlight class="keyword">get</highlight><highlight class="normal">;<sp/></highlight><highlight class="keyword">set</highlight><highlight class="normal">;<sp/>}</highlight></codeline>
<codeline lineno="23"><highlight class="normal"><sp/><sp/><sp/><sp/><sp/><sp/><sp/><sp/><sp/><sp/><sp/><sp/></highlight><highlight class="keyword">public</highlight><highlight class="normal"><sp/></highlight><highlight class="keywordtype">string</highlight><highlight class="normal"><sp/>Title<sp/>{<sp/></highlight><highlight class="keyword">get</highlight><highlight class="normal">;<sp/></highlight><highlight class="keyword">set</highlight><highlight class="normal">;<sp/>}</highlight></codeline>
<codeline lineno="24"><highlight class="normal"><sp/><sp/><sp/><sp/><sp/><sp/><sp/><sp/><sp/><sp/><sp/><sp/></highlight><highlight class="keyword">public</highlight><highlight class="normal"><sp/></highlight><highlight class="keywordtype">string</highlight><highlight class="normal"><sp/>Type<sp/>{<sp/></highlight><highlight class="keyword">get</highlight><highlight class="normal">;<sp/></highlight><highlight class="keyword">set</highlight><highlight class="normal">;<sp/>}</highlight></codeline>
<codeline lineno="25"><highlight class="normal"><sp/><sp/><sp/><sp/><sp/><sp/><sp/><sp/><sp/><sp/><sp/><sp/></highlight><highlight class="keyword">public</highlight><highlight class="normal"><sp/><ref refid="class__3___block_chain_menu_1_1_smart_contract_1_1_properties" kindref="compound">Properties</ref><sp/><ref refid="class__3___block_chain_menu_1_1_smart_contract_1_1_properties" kindref="compound">Properties</ref><sp/>{<sp/></highlight><highlight class="keyword">get</highlight><highlight class="normal">;<sp/></highlight><highlight class="keyword">set</highlight><highlight class="normal">;<sp/>}</highlight></codeline>
<codeline lineno="26"><highlight class="normal"><sp/><sp/><sp/><sp/><sp/><sp/><sp/><sp/>}</highlight></codeline>
<codeline lineno="27"><highlight class="normal"></highlight></codeline>
<codeline lineno="28" refid="class__3___block_chain_menu_1_1_smart_contract_1_1_properties" refkind="compound"><highlight class="normal"><sp/><sp/><sp/><sp/><sp/><sp/><sp/><sp/></highlight><highlight class="keyword">public</highlight><highlight class="normal"><sp/></highlight><highlight class="keyword">class<sp/></highlight><highlight class="normal"><ref refid="class__3___block_chain_menu_1_1_smart_contract_1_1_properties" kindref="compound">Properties</ref></highlight></codeline>
<codeline lineno="29"><highlight class="normal"><sp/><sp/><sp/><sp/><sp/><sp/><sp/><sp/>{</highlight></codeline>
<codeline lineno="30"><highlight class="normal"><sp/><sp/><sp/><sp/><sp/><sp/><sp/><sp/><sp/><sp/><sp/><sp/></highlight><highlight class="keyword">public</highlight><highlight class="normal"><sp/><ref refid="class__3___block_chain_menu_1_1_smart_contract_1_1_validationdata" kindref="compound">Validationdata</ref><sp/>ValidationData<sp/>{<sp/></highlight><highlight class="keyword">get</highlight><highlight class="normal">;<sp/></highlight><highlight class="keyword">set</highlight><highlight class="normal">;<sp/>}</highlight></codeline>
<codeline lineno="31"><highlight class="normal"><sp/><sp/><sp/><sp/><sp/><sp/><sp/><sp/><sp/><sp/><sp/><sp/></highlight><highlight class="keyword">public</highlight><highlight class="normal"><sp/><ref refid="class__3___block_chain_menu_1_1_smart_contract_1_1_clause" kindref="compound">Clause</ref><sp/><ref refid="class__3___block_chain_menu_1_1_smart_contract_1_1_clause" kindref="compound">Clause</ref><sp/>{<sp/></highlight><highlight class="keyword">get</highlight><highlight class="normal">;<sp/></highlight><highlight class="keyword">set</highlight><highlight class="normal">;<sp/>}</highlight></codeline>
<codeline lineno="32"><highlight class="normal"><sp/><sp/><sp/><sp/><sp/><sp/><sp/><sp/><sp/><sp/><sp/><sp/></highlight><highlight class="keyword">public</highlight><highlight class="normal"><sp/><ref refid="class__3___block_chain_menu_1_1_smart_contract_1_1_revision" kindref="compound">Revision</ref><sp/><ref refid="class__3___block_chain_menu_1_1_smart_contract_1_1_revision" kindref="compound">Revision</ref><sp/>{<sp/></highlight><highlight class="keyword">get</highlight><highlight class="normal">;<sp/></highlight><highlight class="keyword">set</highlight><highlight class="normal">;<sp/>}</highlight></codeline>
<codeline lineno="33"><highlight class="normal"><sp/><sp/><sp/><sp/><sp/><sp/><sp/><sp/>}</highlight></codeline>
<codeline lineno="34"><highlight class="normal"></highlight></codeline>
<codeline lineno="35" refid="class__3___block_chain_menu_1_1_smart_contract_1_1_validationdata" refkind="compound"><highlight class="normal"><sp/><sp/><sp/><sp/><sp/><sp/><sp/><sp/></highlight><highlight class="keyword">public</highlight><highlight class="normal"><sp/></highlight><highlight class="keyword">class<sp/></highlight><highlight class="normal"><ref refid="class__3___block_chain_menu_1_1_smart_contract_1_1_validationdata" kindref="compound">Validationdata</ref></highlight></codeline>
<codeline lineno="36"><highlight class="normal"><sp/><sp/><sp/><sp/><sp/><sp/><sp/><sp/>{</highlight></codeline>
<codeline lineno="37"><highlight class="normal"><sp/><sp/><sp/><sp/><sp/><sp/><sp/><sp/><sp/><sp/><sp/><sp/></highlight><highlight class="keyword">public</highlight><highlight class="normal"><sp/></highlight><highlight class="keywordtype">string</highlight><highlight class="normal"><sp/>Type<sp/>{<sp/></highlight><highlight class="keyword">get</highlight><highlight class="normal">;<sp/></highlight><highlight class="keyword">set</highlight><highlight class="normal">;<sp/>}</highlight></codeline>
<codeline lineno="38"><highlight class="normal"><sp/><sp/><sp/><sp/><sp/><sp/><sp/><sp/><sp/><sp/><sp/><sp/></highlight><highlight class="keyword">public</highlight><highlight class="normal"><sp/></highlight><highlight class="keywordtype">string</highlight><highlight class="normal"><sp/>Description<sp/>{<sp/></highlight><highlight class="keyword">get</highlight><highlight class="normal">;<sp/></highlight><highlight class="keyword">set</highlight><highlight class="normal">;<sp/>}</highlight></codeline>
<codeline lineno="39"><highlight class="normal"><sp/><sp/><sp/><sp/><sp/><sp/><sp/><sp/><sp/><sp/><sp/><sp/></highlight><highlight class="keyword">public</highlight><highlight class="normal"><sp/></highlight><highlight class="keywordtype">string</highlight><highlight class="normal"><sp/>Datetime<sp/>{<sp/></highlight><highlight class="keyword">get</highlight><highlight class="normal">;<sp/></highlight><highlight class="keyword">set</highlight><highlight class="normal">;<sp/>}</highlight></codeline>
<codeline lineno="40"><highlight class="normal"><sp/><sp/><sp/><sp/><sp/><sp/><sp/><sp/>}</highlight></codeline>
<codeline lineno="41"><highlight class="normal"></highlight></codeline>
<codeline lineno="42" refid="class__3___block_chain_menu_1_1_smart_contract_1_1_clause" refkind="compound"><highlight class="normal"><sp/><sp/><sp/><sp/><sp/><sp/><sp/><sp/></highlight><highlight class="keyword">public</highlight><highlight class="normal"><sp/></highlight><highlight class="keyword">class<sp/></highlight><highlight class="normal"><ref refid="class__3___block_chain_menu_1_1_smart_contract_1_1_clause" kindref="compound">Clause</ref></highlight></codeline>
<codeline lineno="43"><highlight class="normal"><sp/><sp/><sp/><sp/><sp/><sp/><sp/><sp/>{</highlight></codeline>
<codeline lineno="44"><highlight class="normal"><sp/><sp/><sp/><sp/><sp/><sp/><sp/><sp/><sp/><sp/><sp/><sp/></highlight><highlight class="keyword">public</highlight><highlight class="normal"><sp/></highlight><highlight class="keywordtype">string</highlight><highlight class="normal"><sp/>Type<sp/>{<sp/></highlight><highlight class="keyword">get</highlight><highlight class="normal">;<sp/></highlight><highlight class="keyword">set</highlight><highlight class="normal">;<sp/>}</highlight></codeline>
<codeline lineno="45"><highlight class="normal"><sp/><sp/><sp/><sp/><sp/><sp/><sp/><sp/><sp/><sp/><sp/><sp/></highlight><highlight class="keyword">public</highlight><highlight class="normal"><sp/></highlight><highlight class="keywordtype">string</highlight><highlight class="normal"><sp/>Description<sp/>{<sp/></highlight><highlight class="keyword">get</highlight><highlight class="normal">;<sp/></highlight><highlight class="keyword">set</highlight><highlight class="normal">;<sp/>}</highlight></codeline>
<codeline lineno="46"><highlight class="normal"><sp/><sp/><sp/><sp/><sp/><sp/><sp/><sp/><sp/><sp/><sp/><sp/></highlight><highlight class="keyword">public</highlight><highlight class="normal"><sp/></highlight><highlight class="keywordtype">string</highlight><highlight class="normal"><sp/>IdContract<sp/>{<sp/></highlight><highlight class="keyword">get</highlight><highlight class="normal">;<sp/></highlight><highlight class="keyword">set</highlight><highlight class="normal">;<sp/>}</highlight></codeline>
<codeline lineno="47"><highlight class="normal"><sp/><sp/><sp/><sp/><sp/><sp/><sp/><sp/><sp/><sp/><sp/><sp/></highlight><highlight class="keyword">public</highlight><highlight class="normal"><sp/></highlight><highlight class="keywordtype">string</highlight><highlight class="normal"><sp/>TransactionContract<sp/>{<sp/></highlight><highlight class="keyword">get</highlight><highlight class="normal">;<sp/></highlight><highlight class="keyword">set</highlight><highlight class="normal">;<sp/>}</highlight></codeline>
<codeline lineno="48"><highlight class="normal"><sp/><sp/><sp/><sp/><sp/><sp/><sp/><sp/><sp/><sp/><sp/><sp/></highlight><highlight class="keyword">public</highlight><highlight class="normal"><sp/></highlight><highlight class="keywordtype">string</highlight><highlight class="normal"><sp/>DoubleSpendingContract<sp/>{<sp/></highlight><highlight class="keyword">get</highlight><highlight class="normal">;<sp/></highlight><highlight class="keyword">set</highlight><highlight class="normal">;<sp/>}</highlight></codeline>
<codeline lineno="49"><highlight class="normal"><sp/><sp/><sp/><sp/><sp/><sp/><sp/><sp/><sp/><sp/><sp/><sp/></highlight><highlight class="keyword">public</highlight><highlight class="normal"><sp/></highlight><highlight class="keywordtype">string</highlight><highlight class="normal"><sp/>BalanceCheck<sp/>{<sp/></highlight><highlight class="keyword">get</highlight><highlight class="normal">;<sp/></highlight><highlight class="keyword">set</highlight><highlight class="normal">;<sp/>}</highlight></codeline>
<codeline lineno="50"><highlight class="normal"><sp/><sp/><sp/><sp/><sp/><sp/><sp/><sp/>}</highlight></codeline>
<codeline lineno="51"><highlight class="normal"></highlight></codeline>
<codeline lineno="52" refid="class__3___block_chain_menu_1_1_smart_contract_1_1_revision" refkind="compound"><highlight class="normal"><sp/><sp/><sp/><sp/><sp/><sp/><sp/><sp/></highlight><highlight class="keyword">public</highlight><highlight class="normal"><sp/></highlight><highlight class="keyword">class<sp/></highlight><highlight class="normal"><ref refid="class__3___block_chain_menu_1_1_smart_contract_1_1_revision" kindref="compound">Revision</ref></highlight></codeline>
<codeline lineno="53"><highlight class="normal"><sp/><sp/><sp/><sp/><sp/><sp/><sp/><sp/>{</highlight></codeline>
<codeline lineno="54"><highlight class="normal"><sp/><sp/><sp/><sp/><sp/><sp/><sp/><sp/><sp/><sp/><sp/><sp/></highlight><highlight class="keyword">public</highlight><highlight class="normal"><sp/></highlight><highlight class="keywordtype">string</highlight><highlight class="normal"><sp/>Type<sp/>{<sp/></highlight><highlight class="keyword">get</highlight><highlight class="normal">;<sp/></highlight><highlight class="keyword">set</highlight><highlight class="normal">;<sp/>}</highlight></codeline>
<codeline lineno="55"><highlight class="normal"><sp/><sp/><sp/><sp/><sp/><sp/><sp/><sp/><sp/><sp/><sp/><sp/></highlight><highlight class="keyword">public</highlight><highlight class="normal"><sp/></highlight><highlight class="keywordtype">string</highlight><highlight class="normal"><sp/>Description<sp/>{<sp/></highlight><highlight class="keyword">get</highlight><highlight class="normal">;<sp/></highlight><highlight class="keyword">set</highlight><highlight class="normal">;<sp/>}</highlight></codeline>
<codeline lineno="56"><highlight class="normal"><sp/><sp/><sp/><sp/><sp/><sp/><sp/><sp/><sp/><sp/><sp/><sp/></highlight><highlight class="keyword">public</highlight><highlight class="normal"><sp/></highlight><highlight class="keywordtype">string</highlight><highlight class="normal"><sp/>NumVersion<sp/>{<sp/></highlight><highlight class="keyword">get</highlight><highlight class="normal">;<sp/></highlight><highlight class="keyword">set</highlight><highlight class="normal">;<sp/>}</highlight></codeline>
<codeline lineno="57"><highlight class="normal"><sp/><sp/><sp/><sp/><sp/><sp/><sp/><sp/>}</highlight></codeline>
<codeline lineno="58"><highlight class="normal"></highlight></codeline>
<codeline lineno="59"><highlight class="normal"></highlight></codeline>
<codeline lineno="60"><highlight class="normal"></highlight><highlight class="preprocessor"><sp/><sp/><sp/><sp/><sp/><sp/><sp/><sp/>#endregion</highlight><highlight class="normal"></highlight></codeline>
<codeline lineno="61"><highlight class="normal"></highlight></codeline>
<codeline lineno="62"><highlight class="normal"><sp/><sp/><sp/><sp/><sp/><sp/><sp/><sp/></highlight><highlight class="keyword">private</highlight><highlight class="normal"><sp/></highlight><highlight class="keyword">static</highlight><highlight class="normal"><sp/>readonly<sp/><ref refid="class__3___block_chain_menu_1_1_block_chain" kindref="compound">BlockChain</ref><sp/>UniMolCoin<sp/>=<sp/><ref refid="class__3___block_chain_menu_1_1_menu" kindref="compound">Menu</ref>.UniMolCoin;</highlight></codeline>
<codeline lineno="63"><highlight class="normal"></highlight></codeline>
<codeline lineno="64"><highlight class="normal"><sp/><sp/><sp/><sp/><sp/><sp/><sp/><sp/></highlight><highlight class="keyword">private</highlight><highlight class="normal"><sp/></highlight><highlight class="keyword">static</highlight><highlight class="normal"><sp/><ref refid="class__3___block_chain_menu_1_1_smart_contract_1_1_contratto_json" kindref="compound">ContrattoJson</ref><sp/>_contratto;</highlight></codeline>
<codeline lineno="65"><highlight class="normal"></highlight></codeline>
<codeline lineno="66"><highlight class="normal"></highlight><highlight class="preprocessor"><sp/><sp/><sp/><sp/><sp/><sp/><sp/><sp/>#endregion</highlight><highlight class="normal"></highlight></codeline>
<codeline lineno="67"><highlight class="normal"></highlight></codeline>
<codeline lineno="68"><highlight class="normal"></highlight></codeline>
<codeline lineno="69"><highlight class="normal"></highlight><highlight class="preprocessor"><sp/><sp/><sp/><sp/><sp/><sp/><sp/><sp/>#region<sp/>Documentazione</highlight><highlight class="normal"></highlight></codeline>
<codeline lineno="70"><highlight class="normal"></highlight></codeline>
<codeline lineno="74"><highlight class="normal"></highlight></codeline>
<codeline lineno="75"><highlight class="normal"></highlight><highlight class="preprocessor"><sp/><sp/><sp/><sp/><sp/><sp/><sp/><sp/>#endregion</highlight><highlight class="normal"></highlight></codeline>
<codeline lineno="76"><highlight class="normal"><sp/><sp/><sp/><sp/><sp/><sp/><sp/><sp/></highlight><highlight class="keyword">public</highlight><highlight class="normal"><sp/></highlight><highlight class="keyword">static</highlight><highlight class="normal"><sp/></highlight><highlight class="keywordtype">void</highlight><highlight class="normal"><sp/>Inizializza()</highlight></codeline>
<codeline lineno="77"><highlight class="normal"><sp/><sp/><sp/><sp/><sp/><sp/><sp/><sp/>{</highlight></codeline>
<codeline lineno="78"><highlight class="normal"><sp/><sp/><sp/><sp/><sp/><sp/><sp/><sp/><sp/><sp/><sp/><sp/></highlight><highlight class="comment">//verifica<sp/>se<sp/>sono<sp/>su<sp/>windows<sp/>o<sp/>meno<sp/>e<sp/>in<sp/>base<sp/>al<sp/>sistema<sp/>operativo<sp/>fornisce<sp/>il<sp/>path<sp/>corretto</highlight><highlight class="normal"></highlight></codeline>
<codeline lineno="79"><highlight class="normal"><sp/><sp/><sp/><sp/><sp/><sp/><sp/><sp/><sp/><sp/><sp/><sp/></highlight><highlight class="keywordtype">string</highlight><highlight class="normal"><sp/>jsonPath<sp/>=<sp/>RuntimeInformation.IsOSPlatform(OSPlatform.Windows)<sp/>?<sp/></highlight><highlight class="stringliteral">&quot;../../../Resources/SmartContract.json&quot;</highlight><highlight class="normal"><sp/>:<sp/></highlight><highlight class="stringliteral">&quot;./3<sp/>-<sp/>BlockChainMenu/Resources/SmartContract.json&quot;</highlight><highlight class="normal">;</highlight></codeline>
<codeline lineno="80"><highlight class="normal"></highlight></codeline>
<codeline lineno="81"><highlight class="normal"></highlight></codeline>
<codeline lineno="82"><highlight class="normal"></highlight></codeline>
<codeline lineno="83"><highlight class="normal"><sp/><sp/><sp/><sp/><sp/><sp/><sp/><sp/><sp/><sp/><sp/><sp/></highlight><highlight class="keyword">using</highlight><highlight class="normal"><sp/>StreamReader<sp/>lettoreFileJson<sp/>=<sp/></highlight><highlight class="keyword">new</highlight><highlight class="normal"><sp/>StreamReader(jsonPath);</highlight></codeline>
<codeline lineno="84"><highlight class="normal"></highlight></codeline>
<codeline lineno="85"><highlight class="normal"><sp/><sp/><sp/><sp/><sp/><sp/><sp/><sp/><sp/><sp/><sp/><sp/>_contratto<sp/>=<sp/>JsonConvert.DeserializeObject&lt;<ref refid="class__3___block_chain_menu_1_1_smart_contract_1_1_contratto_json" kindref="compound">ContrattoJson</ref>&gt;(lettoreFileJson.ReadToEnd());</highlight></codeline>
<codeline lineno="86"><highlight class="normal"></highlight></codeline>
<codeline lineno="87"><highlight class="normal"><sp/><sp/><sp/><sp/><sp/><sp/><sp/><sp/>}</highlight></codeline>
<codeline lineno="88"><highlight class="normal"></highlight></codeline>
<codeline lineno="89"><highlight class="normal"></highlight></codeline>
<codeline lineno="90"><highlight class="normal"></highlight><highlight class="preprocessor"><sp/><sp/><sp/><sp/><sp/><sp/><sp/><sp/>#region<sp/>Documentazione</highlight><highlight class="normal"></highlight></codeline>
<codeline lineno="91"><highlight class="normal"></highlight><highlight class="preprocessor"><sp/><sp/><sp/><sp/><sp/><sp/><sp/><sp/>#endregion</highlight><highlight class="normal"></highlight></codeline>
<codeline lineno="95"><highlight class="normal"><sp/><sp/><sp/><sp/><sp/><sp/><sp/><sp/></highlight><highlight class="keyword">public</highlight><highlight class="normal"><sp/></highlight><highlight class="keyword">static</highlight><highlight class="normal"><sp/></highlight><highlight class="keywordtype">void</highlight><highlight class="normal"><sp/>MostraContratto()</highlight></codeline>
<codeline lineno="96"><highlight class="normal"><sp/><sp/><sp/><sp/><sp/><sp/><sp/><sp/>{</highlight></codeline>
<codeline lineno="97"><highlight class="normal"><sp/><sp/><sp/><sp/><sp/><sp/><sp/><sp/><sp/><sp/><sp/><sp/>Console.WriteLine($</highlight><highlight class="stringliteral">&quot;\t{_contratto.Title.ToUpperInvariant()}&quot;</highlight><highlight class="normal">);</highlight></codeline>
<codeline lineno="98"><highlight class="normal"><sp/><sp/><sp/><sp/><sp/><sp/><sp/><sp/><sp/><sp/><sp/><sp/>Console.WriteLine($</highlight><highlight class="stringliteral">&quot;\t{_contratto.Properties.Revision.Description}:<sp/>{_contratto.Properties.Revision.NumVersion}&quot;</highlight><highlight class="normal">);</highlight></codeline>
<codeline lineno="99"><highlight class="normal"><sp/><sp/><sp/><sp/><sp/><sp/><sp/><sp/><sp/><sp/><sp/><sp/>Console.WriteLine($</highlight><highlight class="stringliteral">&quot;\t{_contratto.Properties.ValidationData.Description}:<sp/>{_contratto.Properties.ValidationData.Datetime}&quot;</highlight><highlight class="normal">);</highlight></codeline>
<codeline lineno="100"><highlight class="normal"><sp/><sp/><sp/><sp/><sp/><sp/><sp/><sp/><sp/><sp/><sp/><sp/>Console.WriteLine($</highlight><highlight class="stringliteral">&quot;\t{_contratto.Properties.Clause.Description}:&quot;</highlight><highlight class="normal"><sp/>+</highlight></codeline>
<codeline lineno="101"><highlight class="normal"><sp/><sp/><sp/><sp/><sp/><sp/><sp/><sp/><sp/><sp/><sp/><sp/><sp/><sp/><sp/><sp/><sp/><sp/><sp/><sp/><sp/><sp/><sp/><sp/><sp/><sp/><sp/><sp/><sp/><sp/>$</highlight><highlight class="stringliteral">&quot;\n\t\t{_contratto.Properties.Clause.IdContract}&quot;</highlight><highlight class="normal"><sp/>+</highlight></codeline>
<codeline lineno="102"><highlight class="normal"><sp/><sp/><sp/><sp/><sp/><sp/><sp/><sp/><sp/><sp/><sp/><sp/><sp/><sp/><sp/><sp/><sp/><sp/><sp/><sp/><sp/><sp/><sp/><sp/><sp/><sp/><sp/><sp/><sp/><sp/>$</highlight><highlight class="stringliteral">&quot;\n\t\t{_contratto.Properties.Clause.DoubleSpendingContract}&quot;</highlight><highlight class="normal"><sp/>+</highlight></codeline>
<codeline lineno="103"><highlight class="normal"><sp/><sp/><sp/><sp/><sp/><sp/><sp/><sp/><sp/><sp/><sp/><sp/><sp/><sp/><sp/><sp/><sp/><sp/><sp/><sp/><sp/><sp/><sp/><sp/><sp/><sp/><sp/><sp/><sp/><sp/>$</highlight><highlight class="stringliteral">&quot;\n\t\t{_contratto.Properties.Clause.TransactionContract}&quot;</highlight><highlight class="normal"><sp/>+</highlight></codeline>
<codeline lineno="104"><highlight class="normal"><sp/><sp/><sp/><sp/><sp/><sp/><sp/><sp/><sp/><sp/><sp/><sp/><sp/><sp/><sp/><sp/><sp/><sp/><sp/><sp/><sp/><sp/><sp/><sp/><sp/><sp/><sp/><sp/><sp/><sp/>$</highlight><highlight class="stringliteral">&quot;\n\t\t{_contratto.Properties.Clause.BalanceCheck}&quot;</highlight><highlight class="normal">);</highlight></codeline>
<codeline lineno="105"><highlight class="normal"><sp/><sp/><sp/><sp/><sp/><sp/><sp/><sp/>}</highlight></codeline>
<codeline lineno="106"><highlight class="normal"></highlight></codeline>
<codeline lineno="107"><highlight class="normal"></highlight></codeline>
<codeline lineno="108"><highlight class="normal"></highlight><highlight class="preprocessor"><sp/><sp/><sp/><sp/><sp/><sp/><sp/><sp/>#region<sp/>Documentazione</highlight><highlight class="normal"></highlight></codeline>
<codeline lineno="109"><highlight class="normal"></highlight><highlight class="preprocessor"><sp/><sp/><sp/><sp/><sp/><sp/><sp/><sp/>#endregion</highlight><highlight class="normal"></highlight></codeline>
<codeline lineno="115"><highlight class="normal"><sp/><sp/><sp/><sp/><sp/><sp/><sp/><sp/></highlight><highlight class="keyword">public</highlight><highlight class="normal"><sp/></highlight><highlight class="keyword">static</highlight><highlight class="normal"><sp/></highlight><highlight class="keywordtype">bool</highlight><highlight class="normal"><sp/>VerificaSaldo(</highlight><highlight class="keywordtype">string</highlight><highlight class="normal"><sp/>nomeMittente,<sp/></highlight><highlight class="keywordtype">string</highlight><highlight class="normal"><sp/>nomeDestinatario,<sp/></highlight><highlight class="keywordtype">int</highlight><highlight class="normal"><sp/>importoTransazione)</highlight></codeline>
<codeline lineno="116"><highlight class="normal"><sp/><sp/><sp/><sp/><sp/><sp/><sp/><sp/>{</highlight></codeline>
<codeline lineno="117"><highlight class="normal"></highlight></codeline>
<codeline lineno="118"><highlight class="normal"><sp/><sp/><sp/><sp/><sp/><sp/><sp/><sp/><sp/><sp/><sp/><sp/>Utente<sp/>mittente<sp/>=<sp/>UniMolCoin.RicercaUtente(nomeMittente);</highlight></codeline>
<codeline lineno="119"><highlight class="normal"></highlight></codeline>
<codeline lineno="120"><highlight class="normal"><sp/><sp/><sp/><sp/><sp/><sp/><sp/><sp/><sp/><sp/><sp/><sp/></highlight><highlight class="keywordflow">if</highlight><highlight class="normal"><sp/>(mittente.Saldo.Count<sp/>&gt;=<sp/>importoTransazione)</highlight></codeline>
<codeline lineno="121"><highlight class="normal"><sp/><sp/><sp/><sp/><sp/><sp/><sp/><sp/><sp/><sp/><sp/><sp/>{</highlight></codeline>
<codeline lineno="122"><highlight class="normal"><sp/><sp/><sp/><sp/><sp/><sp/><sp/><sp/><sp/><sp/><sp/><sp/><sp/><sp/><sp/><sp/>Utente<sp/>destinatario<sp/>=<sp/>UniMolCoin.RicercaUtente(nomeDestinatario);</highlight></codeline>
<codeline lineno="123"><highlight class="normal"></highlight></codeline>
<codeline lineno="124"><highlight class="normal"><sp/><sp/><sp/><sp/><sp/><sp/><sp/><sp/><sp/><sp/><sp/><sp/><sp/><sp/><sp/><sp/></highlight><highlight class="comment">//TrasferisciMoneta(importoTransazione,<sp/>mittente,<sp/>destinatario);</highlight><highlight class="normal"></highlight></codeline>
<codeline lineno="125"><highlight class="normal"><sp/><sp/><sp/><sp/><sp/><sp/><sp/><sp/><sp/><sp/><sp/><sp/><sp/><sp/><sp/><sp/></highlight><highlight class="keywordflow">return</highlight><highlight class="normal"><sp/>!VerificaMonete(mittente,<sp/>destinatario);</highlight></codeline>
<codeline lineno="126"><highlight class="normal"><sp/><sp/><sp/><sp/><sp/><sp/><sp/><sp/><sp/><sp/><sp/><sp/>}</highlight></codeline>
<codeline lineno="127"><highlight class="normal"></highlight></codeline>
<codeline lineno="128"><highlight class="normal"><sp/><sp/><sp/><sp/><sp/><sp/><sp/><sp/><sp/><sp/><sp/><sp/></highlight><highlight class="keywordflow">return</highlight><highlight class="normal"><sp/></highlight><highlight class="keyword">false</highlight><highlight class="normal">;</highlight></codeline>
<codeline lineno="129"><highlight class="normal"></highlight></codeline>
<codeline lineno="130"><highlight class="normal"><sp/><sp/><sp/><sp/><sp/><sp/><sp/><sp/>}</highlight></codeline>
<codeline lineno="131"><highlight class="normal"></highlight></codeline>
<codeline lineno="132"><highlight class="normal"></highlight></codeline>
<codeline lineno="133"><highlight class="normal"></highlight><highlight class="preprocessor"><sp/><sp/><sp/><sp/><sp/><sp/><sp/><sp/>#region<sp/>Documentazione</highlight><highlight class="normal"></highlight></codeline>
<codeline lineno="134"><highlight class="normal"></highlight><highlight class="preprocessor"><sp/><sp/><sp/><sp/><sp/><sp/><sp/><sp/>#endregion</highlight><highlight class="normal"></highlight></codeline>
<codeline lineno="139"><highlight class="normal"><sp/><sp/><sp/><sp/><sp/><sp/><sp/><sp/></highlight><highlight class="keyword">public</highlight><highlight class="normal"><sp/></highlight><highlight class="keyword">static</highlight><highlight class="normal"><sp/></highlight><highlight class="keywordtype">bool</highlight><highlight class="normal"><sp/>ValidaBlockchain()</highlight></codeline>
<codeline lineno="140"><highlight class="normal"><sp/><sp/><sp/><sp/><sp/><sp/><sp/><sp/>{</highlight></codeline>
<codeline lineno="141"><highlight class="normal"><sp/><sp/><sp/><sp/><sp/><sp/><sp/><sp/><sp/><sp/><sp/><sp/></highlight><highlight class="comment">//finché<sp/>ci<sp/>sono<sp/>blocchi</highlight><highlight class="normal"></highlight></codeline>
<codeline lineno="142"><highlight class="normal"><sp/><sp/><sp/><sp/><sp/><sp/><sp/><sp/><sp/><sp/><sp/><sp/></highlight><highlight class="keywordflow">for</highlight><highlight class="normal"><sp/>(</highlight><highlight class="keywordtype">int</highlight><highlight class="normal"><sp/>pos<sp/>=<sp/>1;<sp/>pos<sp/>&lt;<sp/>UniMolCoin.Catena.Count;<sp/>pos++)</highlight></codeline>
<codeline lineno="143"><highlight class="normal"><sp/><sp/><sp/><sp/><sp/><sp/><sp/><sp/><sp/><sp/><sp/><sp/>{</highlight></codeline>
<codeline lineno="144"><highlight class="normal"><sp/><sp/><sp/><sp/><sp/><sp/><sp/><sp/><sp/><sp/><sp/><sp/><sp/><sp/><sp/><sp/>Blocco<sp/>bloccoCorrente<sp/>=<sp/>UniMolCoin.Catena[pos];</highlight></codeline>
<codeline lineno="145"><highlight class="normal"><sp/><sp/><sp/><sp/><sp/><sp/><sp/><sp/><sp/><sp/><sp/><sp/><sp/><sp/><sp/><sp/>Blocco<sp/>bloccoPrecedente<sp/>=<sp/>UniMolCoin.Catena[pos<sp/>-<sp/>1];</highlight></codeline>
<codeline lineno="146"><highlight class="normal"></highlight></codeline>
<codeline lineno="147"><highlight class="normal"></highlight><highlight class="preprocessor"><sp/><sp/><sp/><sp/><sp/><sp/><sp/><sp/><sp/><sp/><sp/><sp/><sp/><sp/><sp/><sp/>#region<sp/>VecchiaImplementazione</highlight><highlight class="normal"></highlight></codeline>
<codeline lineno="148"><highlight class="normal"></highlight></codeline>
<codeline lineno="149"><highlight class="normal"><sp/><sp/><sp/><sp/><sp/><sp/><sp/><sp/><sp/><sp/><sp/><sp/><sp/><sp/><sp/><sp/></highlight><highlight class="comment">//ricalcola<sp/>l&apos;hash<sp/>del<sp/>blocco<sp/>analizzato,<sp/>se<sp/>è<sp/>diverso<sp/>da<sp/>quello<sp/>memorizzato<sp/>ritorna<sp/>false<sp/>(catena<sp/>non<sp/>valida)</highlight><highlight class="normal"></highlight></codeline>
<codeline lineno="150"><highlight class="normal"></highlight></codeline>
<codeline lineno="151"><highlight class="normal"><sp/><sp/><sp/><sp/><sp/><sp/><sp/><sp/><sp/><sp/><sp/><sp/><sp/><sp/><sp/><sp/></highlight><highlight class="comment">//if<sp/>(!bloccoCorrente.Equals(bloccoCorrente.CalcolaHash()))</highlight><highlight class="normal"></highlight></codeline>
<codeline lineno="152"><highlight class="normal"><sp/><sp/><sp/><sp/><sp/><sp/><sp/><sp/><sp/><sp/><sp/><sp/><sp/><sp/><sp/><sp/></highlight><highlight class="comment">//{</highlight><highlight class="normal"></highlight></codeline>
<codeline lineno="153"><highlight class="normal"><sp/><sp/><sp/><sp/><sp/><sp/><sp/><sp/><sp/><sp/><sp/><sp/><sp/><sp/><sp/><sp/></highlight><highlight class="comment">//<sp/><sp/><sp/><sp/>return<sp/>false;</highlight><highlight class="normal"></highlight></codeline>
<codeline lineno="154"><highlight class="normal"><sp/><sp/><sp/><sp/><sp/><sp/><sp/><sp/><sp/><sp/><sp/><sp/><sp/><sp/><sp/><sp/></highlight><highlight class="comment">//}</highlight><highlight class="normal"></highlight></codeline>
<codeline lineno="155"><highlight class="normal"><sp/><sp/><sp/><sp/><sp/><sp/><sp/><sp/><sp/><sp/><sp/><sp/><sp/><sp/><sp/><sp/></highlight><highlight class="comment">//if<sp/>(bloccoCorrente.HashBloccoCorrente<sp/>!=<sp/>bloccoCorrente.CalcolaHash())</highlight><highlight class="normal"></highlight></codeline>
<codeline lineno="156"><highlight class="normal"><sp/><sp/><sp/><sp/><sp/><sp/><sp/><sp/><sp/><sp/><sp/><sp/><sp/><sp/><sp/><sp/></highlight><highlight class="comment">//{</highlight><highlight class="normal"></highlight></codeline>
<codeline lineno="157"><highlight class="normal"><sp/><sp/><sp/><sp/><sp/><sp/><sp/><sp/><sp/><sp/><sp/><sp/><sp/><sp/><sp/><sp/></highlight><highlight class="comment">//<sp/><sp/><sp/><sp/>return<sp/>false;</highlight><highlight class="normal"></highlight></codeline>
<codeline lineno="158"><highlight class="normal"><sp/><sp/><sp/><sp/><sp/><sp/><sp/><sp/><sp/><sp/><sp/><sp/><sp/><sp/><sp/><sp/></highlight><highlight class="comment">//}</highlight><highlight class="normal"></highlight></codeline>
<codeline lineno="159"><highlight class="normal"></highlight></codeline>
<codeline lineno="160"><highlight class="normal"><sp/><sp/><sp/><sp/><sp/><sp/><sp/><sp/><sp/><sp/><sp/><sp/><sp/><sp/><sp/><sp/></highlight><highlight class="comment">//ricalcola<sp/>l&apos;hash<sp/>del<sp/>blocco<sp/>precedente,<sp/>se<sp/>è<sp/>diverso<sp/>da<sp/>quello<sp/>memorizzato<sp/>ritorna<sp/>false<sp/>(catena<sp/>non<sp/>valida)</highlight><highlight class="normal"></highlight></codeline>
<codeline lineno="161"><highlight class="normal"><sp/><sp/><sp/><sp/><sp/><sp/><sp/><sp/><sp/><sp/><sp/><sp/><sp/><sp/><sp/><sp/></highlight><highlight class="comment">//if<sp/>(bloccoCorrente.HashPrecedente<sp/>!=<sp/>bloccoPrecedente.CalcolaHash())</highlight><highlight class="normal"></highlight></codeline>
<codeline lineno="162"><highlight class="normal"><sp/><sp/><sp/><sp/><sp/><sp/><sp/><sp/><sp/><sp/><sp/><sp/><sp/><sp/><sp/><sp/></highlight><highlight class="comment">//{</highlight><highlight class="normal"></highlight></codeline>
<codeline lineno="163"><highlight class="normal"><sp/><sp/><sp/><sp/><sp/><sp/><sp/><sp/><sp/><sp/><sp/><sp/><sp/><sp/><sp/><sp/></highlight><highlight class="comment">//<sp/><sp/><sp/><sp/>return<sp/>false;</highlight><highlight class="normal"></highlight></codeline>
<codeline lineno="164"><highlight class="normal"><sp/><sp/><sp/><sp/><sp/><sp/><sp/><sp/><sp/><sp/><sp/><sp/><sp/><sp/><sp/><sp/></highlight><highlight class="comment">//}</highlight><highlight class="normal"></highlight></codeline>
<codeline lineno="165"><highlight class="normal"></highlight></codeline>
<codeline lineno="166"><highlight class="normal"></highlight><highlight class="preprocessor"><sp/><sp/><sp/><sp/><sp/><sp/><sp/><sp/><sp/><sp/><sp/><sp/><sp/><sp/><sp/><sp/>#endregion</highlight><highlight class="normal"></highlight></codeline>
<codeline lineno="167"><highlight class="normal"></highlight></codeline>
<codeline lineno="168"><highlight class="normal"><sp/><sp/><sp/><sp/><sp/><sp/><sp/><sp/><sp/><sp/><sp/><sp/><sp/><sp/><sp/><sp/></highlight><highlight class="keywordflow">if</highlight><highlight class="normal"><sp/>(bloccoPrecedente.HashBloccoCorrente<sp/>!=<sp/>bloccoCorrente.HashPrecedente)</highlight></codeline>
<codeline lineno="169"><highlight class="normal"><sp/><sp/><sp/><sp/><sp/><sp/><sp/><sp/><sp/><sp/><sp/><sp/><sp/><sp/><sp/><sp/>{</highlight></codeline>
<codeline lineno="170"><highlight class="normal"><sp/><sp/><sp/><sp/><sp/><sp/><sp/><sp/><sp/><sp/><sp/><sp/><sp/><sp/><sp/><sp/><sp/><sp/><sp/><sp/></highlight><highlight class="keywordflow">return</highlight><highlight class="normal"><sp/></highlight><highlight class="keyword">false</highlight><highlight class="normal">;</highlight></codeline>
<codeline lineno="171"><highlight class="normal"><sp/><sp/><sp/><sp/><sp/><sp/><sp/><sp/><sp/><sp/><sp/><sp/><sp/><sp/><sp/><sp/>}</highlight></codeline>
<codeline lineno="172"><highlight class="normal"><sp/><sp/><sp/><sp/><sp/><sp/><sp/><sp/><sp/><sp/><sp/><sp/>}</highlight></codeline>
<codeline lineno="173"><highlight class="normal"></highlight></codeline>
<codeline lineno="174"><highlight class="normal"><sp/><sp/><sp/><sp/><sp/><sp/><sp/><sp/><sp/><sp/><sp/><sp/></highlight><highlight class="comment">//se<sp/>tutti<sp/>i<sp/>blocchi<sp/>sono<sp/>coerenti<sp/>tra<sp/>valore<sp/>presente<sp/>e<sp/>valore<sp/>aspetta,<sp/>ritorna<sp/>true<sp/>(catena<sp/>valida)</highlight><highlight class="normal"></highlight></codeline>
<codeline lineno="175"><highlight class="normal"><sp/><sp/><sp/><sp/><sp/><sp/><sp/><sp/><sp/><sp/><sp/><sp/></highlight><highlight class="keywordflow">return</highlight><highlight class="normal"><sp/></highlight><highlight class="keyword">true</highlight><highlight class="normal">;</highlight></codeline>
<codeline lineno="176"><highlight class="normal"></highlight></codeline>
<codeline lineno="177"><highlight class="normal"><sp/><sp/><sp/><sp/><sp/><sp/><sp/><sp/>}</highlight></codeline>
<codeline lineno="178"><highlight class="normal"></highlight></codeline>
<codeline lineno="179"><highlight class="normal"></highlight></codeline>
<codeline lineno="180"><highlight class="normal"></highlight><highlight class="preprocessor"><sp/><sp/><sp/><sp/><sp/><sp/><sp/><sp/>#region<sp/>Documentazione</highlight><highlight class="normal"></highlight></codeline>
<codeline lineno="181"><highlight class="normal"></highlight><highlight class="preprocessor"><sp/><sp/><sp/><sp/><sp/><sp/><sp/><sp/>#endregion</highlight><highlight class="normal"></highlight></codeline>
<codeline lineno="187"><highlight class="normal"><sp/><sp/><sp/><sp/><sp/><sp/><sp/><sp/></highlight><highlight class="keyword">public</highlight><highlight class="normal"><sp/></highlight><highlight class="keyword">static</highlight><highlight class="normal"><sp/></highlight><highlight class="keywordtype">bool</highlight><highlight class="normal"><sp/>VerificaOmonimie(Utente<sp/>utente)</highlight></codeline>
<codeline lineno="188"><highlight class="normal"><sp/><sp/><sp/><sp/><sp/><sp/><sp/><sp/>{</highlight></codeline>
<codeline lineno="189"><highlight class="normal"></highlight></codeline>
<codeline lineno="190"><highlight class="normal"></highlight><highlight class="preprocessor"><sp/><sp/><sp/><sp/><sp/><sp/><sp/><sp/><sp/><sp/><sp/><sp/>#region<sp/>Spiegazione<sp/>codice</highlight><highlight class="normal"></highlight></codeline>
<codeline lineno="191"><highlight class="normal"><sp/><sp/><sp/><sp/><sp/><sp/><sp/><sp/><sp/><sp/><sp/><sp/></highlight><highlight class="comment">//foreach<sp/>(Utente<sp/>utenteCorrente<sp/>in<sp/>UniMolCoin.Utenti)</highlight><highlight class="normal"></highlight></codeline>
<codeline lineno="192"><highlight class="normal"><sp/><sp/><sp/><sp/><sp/><sp/><sp/><sp/><sp/><sp/><sp/><sp/></highlight><highlight class="comment">//{</highlight><highlight class="normal"></highlight></codeline>
<codeline lineno="193"><highlight class="normal"><sp/><sp/><sp/><sp/><sp/><sp/><sp/><sp/><sp/><sp/><sp/><sp/></highlight><highlight class="comment">//<sp/><sp/><sp/><sp/>//se<sp/>l&apos;utente<sp/>da<sp/>inserire<sp/>non<sp/>è<sp/>già<sp/>presente<sp/>o<sp/>per<sp/>hash<sp/>o<sp/>per<sp/>nome,<sp/>allora<sp/>posso<sp/>autenticarlo<sp/>e<sp/>ritorno<sp/>true</highlight><highlight class="normal"></highlight></codeline>
<codeline lineno="194"><highlight class="normal"><sp/><sp/><sp/><sp/><sp/><sp/><sp/><sp/><sp/><sp/><sp/><sp/></highlight><highlight class="comment">//<sp/><sp/><sp/><sp/>if<sp/>(utenteCorrente.Nome<sp/>==<sp/>utente.Nome)</highlight><highlight class="normal"></highlight></codeline>
<codeline lineno="195"><highlight class="normal"><sp/><sp/><sp/><sp/><sp/><sp/><sp/><sp/><sp/><sp/><sp/><sp/></highlight><highlight class="comment">//<sp/><sp/><sp/><sp/>{</highlight><highlight class="normal"></highlight></codeline>
<codeline lineno="196"><highlight class="normal"><sp/><sp/><sp/><sp/><sp/><sp/><sp/><sp/><sp/><sp/><sp/><sp/></highlight><highlight class="comment">//<sp/><sp/><sp/><sp/><sp/><sp/><sp/><sp/>utenteNonPresente<sp/>=<sp/>false;</highlight><highlight class="normal"></highlight></codeline>
<codeline lineno="197"><highlight class="normal"><sp/><sp/><sp/><sp/><sp/><sp/><sp/><sp/><sp/><sp/><sp/><sp/></highlight><highlight class="comment">//<sp/><sp/><sp/><sp/><sp/><sp/><sp/><sp/>break;</highlight><highlight class="normal"></highlight></codeline>
<codeline lineno="198"><highlight class="normal"><sp/><sp/><sp/><sp/><sp/><sp/><sp/><sp/><sp/><sp/><sp/><sp/></highlight><highlight class="comment">//<sp/><sp/><sp/><sp/>}</highlight><highlight class="normal"></highlight></codeline>
<codeline lineno="199"><highlight class="normal"><sp/><sp/><sp/><sp/><sp/><sp/><sp/><sp/><sp/><sp/><sp/><sp/></highlight><highlight class="comment">//}</highlight><highlight class="normal"></highlight></codeline>
<codeline lineno="200"><highlight class="normal"><sp/><sp/><sp/><sp/><sp/><sp/><sp/><sp/><sp/><sp/><sp/><sp/></highlight><highlight class="comment">//questa<sp/>porzione<sp/>di<sp/>codice,<sp/>equivale<sp/>alla<sp/>riga<sp/>sottostante</highlight><highlight class="normal"></highlight></codeline>
<codeline lineno="201"><highlight class="normal"></highlight><highlight class="preprocessor"><sp/><sp/><sp/><sp/><sp/><sp/><sp/><sp/><sp/><sp/><sp/><sp/>#endregion</highlight><highlight class="normal"></highlight></codeline>
<codeline lineno="202"><highlight class="normal"></highlight></codeline>
<codeline lineno="203"><highlight class="normal"></highlight></codeline>
<codeline lineno="204"><highlight class="normal"><sp/><sp/><sp/><sp/><sp/><sp/><sp/><sp/><sp/><sp/><sp/><sp/></highlight><highlight class="keywordtype">bool</highlight><highlight class="normal"><sp/>utenteNonPresente<sp/>=<sp/>UniMolCoin.Utenti.All(utenteCorrente<sp/>=&gt;<sp/>utenteCorrente.Nome<sp/>!=<sp/>utente.Nome);</highlight></codeline>
<codeline lineno="205"><highlight class="normal"></highlight></codeline>
<codeline lineno="206"><highlight class="normal"></highlight></codeline>
<codeline lineno="207"><highlight class="normal"><sp/><sp/><sp/><sp/><sp/><sp/><sp/><sp/><sp/><sp/><sp/><sp/></highlight><highlight class="keywordflow">if</highlight><highlight class="normal"><sp/>(utenteNonPresente)</highlight></codeline>
<codeline lineno="208"><highlight class="normal"><sp/><sp/><sp/><sp/><sp/><sp/><sp/><sp/><sp/><sp/><sp/><sp/>{</highlight></codeline>
<codeline lineno="209"><highlight class="normal"><sp/><sp/><sp/><sp/><sp/><sp/><sp/><sp/><sp/><sp/><sp/><sp/><sp/><sp/><sp/><sp/></highlight><highlight class="comment">//nel<sp/>caso<sp/>in<sp/>cui<sp/>non<sp/>esista<sp/>già<sp/>l&apos;utente<sp/>(nome<sp/>o<sp/>hash<sp/>associato)<sp/>allora<sp/>lo<sp/>autentico</highlight><highlight class="normal"></highlight></codeline>
<codeline lineno="210"><highlight class="normal"><sp/><sp/><sp/><sp/><sp/><sp/><sp/><sp/><sp/><sp/><sp/><sp/><sp/><sp/><sp/><sp/>AutenticaUtente(utente);</highlight></codeline>
<codeline lineno="211"><highlight class="normal"><sp/><sp/><sp/><sp/><sp/><sp/><sp/><sp/><sp/><sp/><sp/><sp/>}</highlight></codeline>
<codeline lineno="212"><highlight class="normal"></highlight></codeline>
<codeline lineno="213"><highlight class="normal"><sp/><sp/><sp/><sp/><sp/><sp/><sp/><sp/><sp/><sp/><sp/><sp/></highlight><highlight class="keywordflow">return</highlight><highlight class="normal"><sp/>utenteNonPresente;</highlight></codeline>
<codeline lineno="214"><highlight class="normal"><sp/><sp/><sp/><sp/><sp/><sp/><sp/><sp/>}</highlight></codeline>
<codeline lineno="215"><highlight class="normal"></highlight></codeline>
<codeline lineno="216"><highlight class="normal"></highlight></codeline>
<codeline lineno="217"><highlight class="normal"></highlight><highlight class="preprocessor"><sp/><sp/><sp/><sp/><sp/><sp/><sp/><sp/>#region<sp/>Documentazione</highlight><highlight class="normal"></highlight></codeline>
<codeline lineno="218"><highlight class="normal"></highlight><highlight class="preprocessor"><sp/><sp/><sp/><sp/><sp/><sp/><sp/><sp/>#endregion</highlight><highlight class="normal"></highlight></codeline>
<codeline lineno="223"><highlight class="normal"><sp/><sp/><sp/><sp/><sp/><sp/><sp/><sp/></highlight><highlight class="keyword">private</highlight><highlight class="normal"><sp/></highlight><highlight class="keyword">static</highlight><highlight class="normal"><sp/></highlight><highlight class="keywordtype">void</highlight><highlight class="normal"><sp/>AutenticaUtente(Utente<sp/>utente)</highlight></codeline>
<codeline lineno="224"><highlight class="normal"><sp/><sp/><sp/><sp/><sp/><sp/><sp/><sp/>{</highlight></codeline>
<codeline lineno="225"><highlight class="normal"><sp/><sp/><sp/><sp/><sp/><sp/><sp/><sp/><sp/><sp/><sp/><sp/>utente.IdUnivoco<sp/>=<sp/>utente.GetHashCode();</highlight></codeline>
<codeline lineno="226"><highlight class="normal"><sp/><sp/><sp/><sp/><sp/><sp/><sp/><sp/>}</highlight></codeline>
<codeline lineno="227"><highlight class="normal"></highlight></codeline>
<codeline lineno="228"><highlight class="normal"></highlight></codeline>
<codeline lineno="229"><highlight class="normal"></highlight><highlight class="preprocessor"><sp/><sp/><sp/><sp/><sp/><sp/><sp/><sp/>#region<sp/>Documentazione</highlight><highlight class="normal"></highlight></codeline>
<codeline lineno="230"><highlight class="normal"></highlight><highlight class="preprocessor"><sp/><sp/><sp/><sp/><sp/><sp/><sp/><sp/>#endregion</highlight><highlight class="normal"></highlight></codeline>
<codeline lineno="238"><highlight class="normal"><sp/><sp/><sp/><sp/><sp/><sp/><sp/><sp/></highlight><highlight class="keyword">private</highlight><highlight class="normal"><sp/></highlight><highlight class="keyword">static</highlight><highlight class="normal"><sp/></highlight><highlight class="keywordtype">bool</highlight><highlight class="normal"><sp/>VerificaMonete(Utente<sp/>mittente,<sp/>Utente<sp/>ricevente)</highlight></codeline>
<codeline lineno="239"><highlight class="normal"><sp/><sp/><sp/><sp/><sp/><sp/><sp/><sp/>{</highlight></codeline>
<codeline lineno="240"><highlight class="normal"><sp/><sp/><sp/><sp/><sp/><sp/><sp/><sp/><sp/><sp/><sp/><sp/></highlight><highlight class="keywordtype">bool</highlight><highlight class="normal"><sp/>doppiaSpesa<sp/>=<sp/></highlight><highlight class="keyword">false</highlight><highlight class="normal">;</highlight></codeline>
<codeline lineno="241"><highlight class="normal"><sp/><sp/><sp/><sp/><sp/><sp/><sp/><sp/><sp/><sp/><sp/><sp/></highlight><highlight class="keywordflow">foreach</highlight><highlight class="normal"><sp/>(Moneta<sp/>monetaMittente<sp/></highlight><highlight class="keywordflow">in</highlight><highlight class="normal"><sp/>mittente.Saldo)</highlight></codeline>
<codeline lineno="242"><highlight class="normal"><sp/><sp/><sp/><sp/><sp/><sp/><sp/><sp/><sp/><sp/><sp/><sp/>{</highlight></codeline>
<codeline lineno="243"><highlight class="normal"><sp/><sp/><sp/><sp/><sp/><sp/><sp/><sp/><sp/><sp/><sp/><sp/><sp/><sp/><sp/><sp/></highlight><highlight class="keywordflow">foreach</highlight><highlight class="normal"><sp/>(Moneta<sp/>monetaRicevuta<sp/></highlight><highlight class="keywordflow">in</highlight><highlight class="normal"><sp/>ricevente.Saldo)</highlight></codeline>
<codeline lineno="244"><highlight class="normal"><sp/><sp/><sp/><sp/><sp/><sp/><sp/><sp/><sp/><sp/><sp/><sp/><sp/><sp/><sp/><sp/>{</highlight></codeline>
<codeline lineno="245"><highlight class="normal"><sp/><sp/><sp/><sp/><sp/><sp/><sp/><sp/><sp/><sp/><sp/><sp/><sp/><sp/><sp/><sp/><sp/><sp/><sp/><sp/></highlight><highlight class="keywordflow">if</highlight><highlight class="normal"><sp/>(monetaMittente.IdMoneta<sp/>==<sp/>monetaRicevuta.IdMoneta)</highlight></codeline>
<codeline lineno="246"><highlight class="normal"><sp/><sp/><sp/><sp/><sp/><sp/><sp/><sp/><sp/><sp/><sp/><sp/><sp/><sp/><sp/><sp/><sp/><sp/><sp/><sp/>{</highlight></codeline>
<codeline lineno="247"><highlight class="normal"><sp/><sp/><sp/><sp/><sp/><sp/><sp/><sp/><sp/><sp/><sp/><sp/><sp/><sp/><sp/><sp/><sp/><sp/><sp/><sp/><sp/><sp/><sp/><sp/>doppiaSpesa<sp/>=<sp/></highlight><highlight class="keyword">true</highlight><highlight class="normal">;</highlight></codeline>
<codeline lineno="248"><highlight class="normal"><sp/><sp/><sp/><sp/><sp/><sp/><sp/><sp/><sp/><sp/><sp/><sp/><sp/><sp/><sp/><sp/><sp/><sp/><sp/><sp/><sp/><sp/><sp/><sp/></highlight><highlight class="keywordflow">break</highlight><highlight class="normal">;</highlight></codeline>
<codeline lineno="249"><highlight class="normal"><sp/><sp/><sp/><sp/><sp/><sp/><sp/><sp/><sp/><sp/><sp/><sp/><sp/><sp/><sp/><sp/><sp/><sp/><sp/><sp/>}</highlight></codeline>
<codeline lineno="250"><highlight class="normal"></highlight></codeline>
<codeline lineno="251"><highlight class="normal"><sp/><sp/><sp/><sp/><sp/><sp/><sp/><sp/><sp/><sp/><sp/><sp/><sp/><sp/><sp/><sp/>}</highlight></codeline>
<codeline lineno="252"><highlight class="normal"><sp/><sp/><sp/><sp/><sp/><sp/><sp/><sp/><sp/><sp/><sp/><sp/>}</highlight></codeline>
<codeline lineno="253"><highlight class="normal"></highlight></codeline>
<codeline lineno="254"><highlight class="normal"><sp/><sp/><sp/><sp/><sp/><sp/><sp/><sp/><sp/><sp/><sp/><sp/></highlight><highlight class="keywordflow">return</highlight><highlight class="normal"><sp/>doppiaSpesa;</highlight></codeline>
<codeline lineno="255"><highlight class="normal"><sp/><sp/><sp/><sp/><sp/><sp/><sp/><sp/>}</highlight></codeline>
<codeline lineno="256"><highlight class="normal"></highlight></codeline>
<codeline lineno="257"><highlight class="normal"></highlight></codeline>
<codeline lineno="258"><highlight class="normal"><sp/><sp/><sp/><sp/><sp/><sp/><sp/><sp/></highlight><highlight class="keyword">public</highlight><highlight class="normal"><sp/></highlight><highlight class="keyword">static</highlight><highlight class="normal"><sp/></highlight><highlight class="keywordtype">void</highlight><highlight class="normal"><sp/>RicompensaMiner(Utente<sp/>miner)</highlight></codeline>
<codeline lineno="259"><highlight class="normal"><sp/><sp/><sp/><sp/><sp/><sp/><sp/><sp/>{</highlight></codeline>
<codeline lineno="260"><highlight class="normal"><sp/><sp/><sp/><sp/><sp/><sp/><sp/><sp/><sp/><sp/><sp/><sp/></highlight><highlight class="keywordflow">try</highlight><highlight class="normal"></highlight></codeline>
<codeline lineno="261"><highlight class="normal"><sp/><sp/><sp/><sp/><sp/><sp/><sp/><sp/><sp/><sp/><sp/><sp/>{</highlight></codeline>
<codeline lineno="262"><highlight class="normal"><sp/><sp/><sp/><sp/><sp/><sp/><sp/><sp/><sp/><sp/><sp/><sp/><sp/><sp/><sp/><sp/></highlight><highlight class="keywordflow">if</highlight><highlight class="normal"><sp/>(miner.IdUnivoco<sp/>!=<sp/></highlight><highlight class="keyword">null</highlight><highlight class="normal">)</highlight></codeline>
<codeline lineno="263"><highlight class="normal"><sp/><sp/><sp/><sp/><sp/><sp/><sp/><sp/><sp/><sp/><sp/><sp/><sp/><sp/><sp/><sp/>{</highlight></codeline>
<codeline lineno="264"><highlight class="normal"><sp/><sp/><sp/><sp/><sp/><sp/><sp/><sp/><sp/><sp/><sp/><sp/><sp/><sp/><sp/><sp/><sp/><sp/><sp/><sp/>miner.Saldo.Push(</highlight><highlight class="keyword">new</highlight><highlight class="normal"><sp/>Moneta((</highlight><highlight class="keywordtype">int</highlight><highlight class="normal">)miner.IdUnivoco));</highlight></codeline>
<codeline lineno="265"><highlight class="normal"><sp/><sp/><sp/><sp/><sp/><sp/><sp/><sp/><sp/><sp/><sp/><sp/><sp/><sp/><sp/><sp/>}</highlight></codeline>
<codeline lineno="266"><highlight class="normal"><sp/><sp/><sp/><sp/><sp/><sp/><sp/><sp/><sp/><sp/><sp/><sp/>}</highlight></codeline>
<codeline lineno="267"><highlight class="normal"><sp/><sp/><sp/><sp/><sp/><sp/><sp/><sp/><sp/><sp/><sp/><sp/></highlight><highlight class="keywordflow">catch</highlight><highlight class="normal"><sp/>(InvalidOperationException<sp/>eccezione)</highlight></codeline>
<codeline lineno="268"><highlight class="normal"><sp/><sp/><sp/><sp/><sp/><sp/><sp/><sp/><sp/><sp/><sp/><sp/>{</highlight></codeline>
<codeline lineno="269"><highlight class="normal"><sp/><sp/><sp/><sp/><sp/><sp/><sp/><sp/><sp/><sp/><sp/><sp/><sp/><sp/><sp/><sp/>Console.WriteLine(eccezione);</highlight></codeline>
<codeline lineno="270"><highlight class="normal"><sp/><sp/><sp/><sp/><sp/><sp/><sp/><sp/><sp/><sp/><sp/><sp/><sp/><sp/><sp/><sp/></highlight><highlight class="keywordflow">throw</highlight><highlight class="normal">;</highlight></codeline>
<codeline lineno="271"><highlight class="normal"><sp/><sp/><sp/><sp/><sp/><sp/><sp/><sp/><sp/><sp/><sp/><sp/>}</highlight></codeline>
<codeline lineno="272"><highlight class="normal"><sp/><sp/><sp/><sp/><sp/><sp/><sp/><sp/>}</highlight></codeline>
<codeline lineno="273"><highlight class="normal"></highlight></codeline>
<codeline lineno="274"><highlight class="normal"></highlight></codeline>
<codeline lineno="275"><highlight class="normal"></highlight><highlight class="preprocessor"><sp/><sp/><sp/><sp/><sp/><sp/><sp/><sp/>#region<sp/>Documentazione</highlight><highlight class="normal"></highlight></codeline>
<codeline lineno="276"><highlight class="normal"></highlight></codeline>
<codeline lineno="283"><highlight class="normal"></highlight></codeline>
<codeline lineno="284"><highlight class="normal"></highlight><highlight class="preprocessor"><sp/><sp/><sp/><sp/><sp/><sp/><sp/><sp/>#endregion</highlight><highlight class="normal"></highlight></codeline>
<codeline lineno="285"><highlight class="normal"><sp/><sp/><sp/><sp/><sp/><sp/><sp/><sp/></highlight><highlight class="keyword">public</highlight><highlight class="normal"><sp/></highlight><highlight class="keyword">static</highlight><highlight class="normal"><sp/></highlight><highlight class="keywordtype">void</highlight><highlight class="normal"><sp/>TrasferisciMoneta(</highlight><highlight class="keywordtype">int</highlight><highlight class="normal"><sp/>numMonete,<sp/>Utente<sp/>mittente,<sp/>Utente<sp/>ricevente)</highlight></codeline>
<codeline lineno="286"><highlight class="normal"><sp/><sp/><sp/><sp/><sp/><sp/><sp/><sp/>{</highlight></codeline>
<codeline lineno="287"><highlight class="normal"></highlight></codeline>
<codeline lineno="288"><highlight class="normal"><sp/><sp/><sp/><sp/><sp/><sp/><sp/><sp/><sp/><sp/><sp/><sp/></highlight><highlight class="keywordflow">for</highlight><highlight class="normal"><sp/>(</highlight><highlight class="keywordtype">int</highlight><highlight class="normal"><sp/>i<sp/>=<sp/>0;<sp/>i<sp/>&lt;<sp/>numMonete;<sp/>i++)</highlight></codeline>
<codeline lineno="289"><highlight class="normal"><sp/><sp/><sp/><sp/><sp/><sp/><sp/><sp/><sp/><sp/><sp/><sp/>{</highlight></codeline>
<codeline lineno="290"><highlight class="normal"><sp/><sp/><sp/><sp/><sp/><sp/><sp/><sp/><sp/><sp/><sp/><sp/><sp/><sp/><sp/><sp/>ricevente.Saldo.Push(mittente.Saldo.Pop());</highlight></codeline>
<codeline lineno="291"><highlight class="normal"><sp/><sp/><sp/><sp/><sp/><sp/><sp/><sp/><sp/><sp/><sp/><sp/>}</highlight></codeline>
<codeline lineno="292"><highlight class="normal"></highlight></codeline>
<codeline lineno="293"><highlight class="normal"><sp/><sp/><sp/><sp/><sp/><sp/><sp/><sp/>}</highlight></codeline>
<codeline lineno="294"><highlight class="normal"></highlight></codeline>
<codeline lineno="295"><highlight class="normal"><sp/><sp/><sp/><sp/>}</highlight></codeline>
<codeline lineno="296"><highlight class="normal">}</highlight></codeline>
    </programlisting>
    <location file="blockchain-database-unimol/3-BlockChainMenu/SmartContract.cs"/>
  </compounddef>
</doxygen>
