<?xml version='1.0' encoding='UTF-8' standalone='no'?>
<doxygen xmlns:xsi="http://www.w3.org/2001/XMLSchema-instance" xsi:noNamespaceSchemaLocation="compound.xsd" version="1.8.15">
  <compounddef id="class__3___block_chain_menu_1_1_transazione" kind="class" language="C#" prot="public">
    <compoundname>_3_BlockChainMenu::Transazione</compoundname>
      <sectiondef kind="property">
      <memberdef kind="property" id="class__3___block_chain_menu_1_1_transazione_1a5a815daa379d9dc7bba109a81dbc3a36" prot="public" static="no" readable="no" writable="no" gettable="yes" privategettable="no" protectedgettable="no" settable="no" privatesettable="yes" protectedsettable="no">
        <type>int?</type>
        <definition>int? _3_BlockChainMenu.Transazione.IdMittente</definition>
        <argsstring></argsstring>
        <name>IdMittente</name>
        <briefdescription>
<para>Indirizzo di chi effettua (<emphasis>fa partire</emphasis>) la transazione </para>
        </briefdescription>
        <detaileddescription>
<para>Indirizzo mittente.</para>
        </detaileddescription>
        <inbodydescription>
        </inbodydescription>
        <location file="blockchain-database-unimol/3-BlockChainMenu/Transazione.cs" line="16" column="1" bodyfile="blockchain-database-unimol/3-BlockChainMenu/Transazione.cs" bodystart="16" bodyend="16"/>
      </memberdef>
      <memberdef kind="property" id="class__3___block_chain_menu_1_1_transazione_1a0d7d08a7363a550a45fba73c4c072662" prot="public" static="no" readable="no" writable="no" gettable="yes" privategettable="no" protectedgettable="no" settable="no" privatesettable="yes" protectedsettable="no">
        <type>int</type>
        <definition>int _3_BlockChainMenu.Transazione.IdDestinatario</definition>
        <argsstring></argsstring>
        <name>IdDestinatario</name>
        <briefdescription>
        </briefdescription>
        <detaileddescription>
<para>Indirizzo del destinatario della transazione</para>
<para>Indirizzo destinatario.</para>
        </detaileddescription>
        <inbodydescription>
        </inbodydescription>
        <location file="blockchain-database-unimol/3-BlockChainMenu/Transazione.cs" line="22" column="1" bodyfile="blockchain-database-unimol/3-BlockChainMenu/Transazione.cs" bodystart="22" bodyend="22"/>
      </memberdef>
      <memberdef kind="property" id="class__3___block_chain_menu_1_1_transazione_1a9b2a8450d377b7387c6b57800fb1ec02" prot="public" static="no" readable="no" writable="no" gettable="yes" privategettable="no" protectedgettable="no" settable="no" privatesettable="yes" protectedsettable="no">
        <type>int</type>
        <definition>int _3_BlockChainMenu.Transazione.Valore</definition>
        <argsstring></argsstring>
        <name>Valore</name>
        <briefdescription>
<para>Valore della transazione. </para>
        </briefdescription>
        <detaileddescription>
<para>Valore.</para>
        </detaileddescription>
        <inbodydescription>
        </inbodydescription>
        <location file="blockchain-database-unimol/3-BlockChainMenu/Transazione.cs" line="27" column="1" bodyfile="blockchain-database-unimol/3-BlockChainMenu/Transazione.cs" bodystart="27" bodyend="27"/>
      </memberdef>
      <memberdef kind="property" id="class__3___block_chain_menu_1_1_transazione_1a63b54d8ef080dbdc561ba2602a6afbf8" prot="public" static="no" readable="no" writable="no" gettable="yes" privategettable="no" protectedgettable="no" settable="yes" privatesettable="no" protectedsettable="no">
        <type>bool</type>
        <definition>bool _3_BlockChainMenu.Transazione.Contabilizzata</definition>
        <argsstring></argsstring>
        <name>Contabilizzata</name>
        <briefdescription>
        </briefdescription>
        <detaileddescription>
        </detaileddescription>
        <inbodydescription>
        </inbodydescription>
        <location file="blockchain-database-unimol/3-BlockChainMenu/Transazione.cs" line="29" column="1" bodyfile="blockchain-database-unimol/3-BlockChainMenu/Transazione.cs" bodystart="29" bodyend="29"/>
      </memberdef>
      </sectiondef>
      <sectiondef kind="public-func">
      <memberdef kind="function" id="class__3___block_chain_menu_1_1_transazione_1af3f0abdb34474f12a3f5bb2ba40fc539" prot="public" static="no" const="no" explicit="no" inline="yes" virt="non-virtual">
        <type></type>
        <definition>_3_BlockChainMenu.Transazione.Transazione</definition>
        <argsstring>(Utente mittente, Utente destinatario, int valore)</argsstring>
        <name>Transazione</name>
        <param>
          <type><ref refid="class__3___block_chain_menu_1_1_utente" kindref="compound">Utente</ref></type>
          <declname>mittente</declname>
        </param>
        <param>
          <type><ref refid="class__3___block_chain_menu_1_1_utente" kindref="compound">Utente</ref></type>
          <declname>destinatario</declname>
        </param>
        <param>
          <type>int</type>
          <declname>valore</declname>
        </param>
        <briefdescription>
        </briefdescription>
        <detaileddescription>
        </detaileddescription>
        <inbodydescription>
        </inbodydescription>
        <location file="blockchain-database-unimol/3-BlockChainMenu/Transazione.cs" line="34" column="1" bodyfile="blockchain-database-unimol/3-BlockChainMenu/Transazione.cs" bodystart="34" bodyend="55"/>
      </memberdef>
      </sectiondef>
    <briefdescription>
<para>Gestione della transazione associata ad un blocco della catena </para>
    </briefdescription>
    <detaileddescription>
    </detaileddescription>
    <location file="blockchain-database-unimol/3-BlockChainMenu/Transazione.cs" line="8" column="1" bodyfile="blockchain-database-unimol/3-BlockChainMenu/Transazione.cs" bodystart="7" bodyend="56"/>
    <listofallmembers>
      <member refid="class__3___block_chain_menu_1_1_transazione_1a63b54d8ef080dbdc561ba2602a6afbf8" prot="public" virt="non-virtual"><scope>_3_BlockChainMenu::Transazione</scope><name>Contabilizzata</name></member>
      <member refid="class__3___block_chain_menu_1_1_transazione_1a0d7d08a7363a550a45fba73c4c072662" prot="public" virt="non-virtual"><scope>_3_BlockChainMenu::Transazione</scope><name>IdDestinatario</name></member>
      <member refid="class__3___block_chain_menu_1_1_transazione_1a5a815daa379d9dc7bba109a81dbc3a36" prot="public" virt="non-virtual"><scope>_3_BlockChainMenu::Transazione</scope><name>IdMittente</name></member>
      <member refid="class__3___block_chain_menu_1_1_transazione_1af3f0abdb34474f12a3f5bb2ba40fc539" prot="public" virt="non-virtual"><scope>_3_BlockChainMenu::Transazione</scope><name>Transazione</name></member>
      <member refid="class__3___block_chain_menu_1_1_transazione_1a9b2a8450d377b7387c6b57800fb1ec02" prot="public" virt="non-virtual"><scope>_3_BlockChainMenu::Transazione</scope><name>Valore</name></member>
    </listofallmembers>
  </compounddef>
</doxygen>
