<?xml version='1.0' encoding='UTF-8' standalone='no'?>
<doxygen xmlns:xsi="http://www.w3.org/2001/XMLSchema-instance" xsi:noNamespaceSchemaLocation="compound.xsd" version="1.8.15">
  <compounddef id="class__3___block_chain_menu_1_1_ca" kind="class" language="C#" prot="public">
    <compoundname>_3_BlockChainMenu::Ca</compoundname>
      <sectiondef kind="property">
      <memberdef kind="property" id="class__3___block_chain_menu_1_1_ca_1a8352835cdac2dac99ddcafaeaf7498bf" prot="public" static="no" readable="no" writable="no" gettable="yes" privategettable="no" protectedgettable="no" settable="yes" privatesettable="no" protectedsettable="no">
        <type>string</type>
        <definition>string _3_BlockChainMenu.Ca.Name</definition>
        <argsstring></argsstring>
        <name>Name</name>
        <briefdescription>
        </briefdescription>
        <detaileddescription>
        </detaileddescription>
        <inbodydescription>
        </inbodydescription>
        <location file="blockchain-database-unimol/3-BlockChainMenu/Candidati.cs" line="86" column="1" bodyfile="blockchain-database-unimol/3-BlockChainMenu/Candidati.cs" bodystart="86" bodyend="86"/>
      </memberdef>
      <memberdef kind="property" id="class__3___block_chain_menu_1_1_ca_1a316fea5da551f62cdbaa7073a98427c0" prot="public" static="no" readable="no" writable="no" gettable="yes" privategettable="no" protectedgettable="no" settable="yes" privatesettable="no" protectedsettable="no">
        <type>string</type>
        <definition>string _3_BlockChainMenu.Ca.Matricola</definition>
        <argsstring></argsstring>
        <name>Matricola</name>
        <briefdescription>
        </briefdescription>
        <detaileddescription>
        </detaileddescription>
        <inbodydescription>
        </inbodydescription>
        <location file="blockchain-database-unimol/3-BlockChainMenu/Candidati.cs" line="87" column="1" bodyfile="blockchain-database-unimol/3-BlockChainMenu/Candidati.cs" bodystart="87" bodyend="87"/>
      </memberdef>
      </sectiondef>
    <briefdescription>
    </briefdescription>
    <detaileddescription>
    </detaileddescription>
    <location file="blockchain-database-unimol/3-BlockChainMenu/Candidati.cs" line="85" column="1" bodyfile="blockchain-database-unimol/3-BlockChainMenu/Candidati.cs" bodystart="84" bodyend="88"/>
    <listofallmembers>
      <member refid="class__3___block_chain_menu_1_1_ca_1a316fea5da551f62cdbaa7073a98427c0" prot="public" virt="non-virtual"><scope>_3_BlockChainMenu::Ca</scope><name>Matricola</name></member>
      <member refid="class__3___block_chain_menu_1_1_ca_1a8352835cdac2dac99ddcafaeaf7498bf" prot="public" virt="non-virtual"><scope>_3_BlockChainMenu::Ca</scope><name>Name</name></member>
    </listofallmembers>
  </compounddef>
</doxygen>
