<?xml version='1.0' encoding='UTF-8' standalone='no'?>
<doxygen xmlns:xsi="http://www.w3.org/2001/XMLSchema-instance" xsi:noNamespaceSchemaLocation="compound.xsd" version="1.8.15">
  <compounddef id="class__3___block_chain_menu_1_1_smart_contract_1_1_clause" kind="class" language="C#" prot="public">
    <compoundname>_3_BlockChainMenu::SmartContract::Clause</compoundname>
      <sectiondef kind="property">
      <memberdef kind="property" id="class__3___block_chain_menu_1_1_smart_contract_1_1_clause_1a63564c0ff9e9a839b35ecf9e7ca03963" prot="public" static="no" readable="no" writable="no" gettable="yes" privategettable="no" protectedgettable="no" settable="yes" privatesettable="no" protectedsettable="no">
        <type>string</type>
        <definition>string _3_BlockChainMenu.SmartContract.Clause.Type</definition>
        <argsstring></argsstring>
        <name>Type</name>
        <briefdescription>
        </briefdescription>
        <detaileddescription>
        </detaileddescription>
        <inbodydescription>
        </inbodydescription>
        <location file="blockchain-database-unimol/3-BlockChainMenu/SmartContract.cs" line="44" column="1" bodyfile="blockchain-database-unimol/3-BlockChainMenu/SmartContract.cs" bodystart="44" bodyend="44"/>
      </memberdef>
      <memberdef kind="property" id="class__3___block_chain_menu_1_1_smart_contract_1_1_clause_1a963e269ecbe4b2c2802f64522a558db6" prot="public" static="no" readable="no" writable="no" gettable="yes" privategettable="no" protectedgettable="no" settable="yes" privatesettable="no" protectedsettable="no">
        <type>string</type>
        <definition>string _3_BlockChainMenu.SmartContract.Clause.Description</definition>
        <argsstring></argsstring>
        <name>Description</name>
        <briefdescription>
        </briefdescription>
        <detaileddescription>
        </detaileddescription>
        <inbodydescription>
        </inbodydescription>
        <location file="blockchain-database-unimol/3-BlockChainMenu/SmartContract.cs" line="45" column="1" bodyfile="blockchain-database-unimol/3-BlockChainMenu/SmartContract.cs" bodystart="45" bodyend="45"/>
      </memberdef>
      <memberdef kind="property" id="class__3___block_chain_menu_1_1_smart_contract_1_1_clause_1acd61b824ed0ff8a5bc98ffc772cb40cd" prot="public" static="no" readable="no" writable="no" gettable="yes" privategettable="no" protectedgettable="no" settable="yes" privatesettable="no" protectedsettable="no">
        <type>string</type>
        <definition>string _3_BlockChainMenu.SmartContract.Clause.IdContract</definition>
        <argsstring></argsstring>
        <name>IdContract</name>
        <briefdescription>
        </briefdescription>
        <detaileddescription>
        </detaileddescription>
        <inbodydescription>
        </inbodydescription>
        <location file="blockchain-database-unimol/3-BlockChainMenu/SmartContract.cs" line="46" column="1" bodyfile="blockchain-database-unimol/3-BlockChainMenu/SmartContract.cs" bodystart="46" bodyend="46"/>
      </memberdef>
      <memberdef kind="property" id="class__3___block_chain_menu_1_1_smart_contract_1_1_clause_1a4237ce35df40ce82ee049ed753ed888d" prot="public" static="no" readable="no" writable="no" gettable="yes" privategettable="no" protectedgettable="no" settable="yes" privatesettable="no" protectedsettable="no">
        <type>string</type>
        <definition>string _3_BlockChainMenu.SmartContract.Clause.TransactionContract</definition>
        <argsstring></argsstring>
        <name>TransactionContract</name>
        <briefdescription>
        </briefdescription>
        <detaileddescription>
        </detaileddescription>
        <inbodydescription>
        </inbodydescription>
        <location file="blockchain-database-unimol/3-BlockChainMenu/SmartContract.cs" line="47" column="1" bodyfile="blockchain-database-unimol/3-BlockChainMenu/SmartContract.cs" bodystart="47" bodyend="47"/>
      </memberdef>
      <memberdef kind="property" id="class__3___block_chain_menu_1_1_smart_contract_1_1_clause_1afc8fe969710f19d46c5f687a28f0fa82" prot="public" static="no" readable="no" writable="no" gettable="yes" privategettable="no" protectedgettable="no" settable="yes" privatesettable="no" protectedsettable="no">
        <type>string</type>
        <definition>string _3_BlockChainMenu.SmartContract.Clause.DoubleSpendingContract</definition>
        <argsstring></argsstring>
        <name>DoubleSpendingContract</name>
        <briefdescription>
        </briefdescription>
        <detaileddescription>
        </detaileddescription>
        <inbodydescription>
        </inbodydescription>
        <location file="blockchain-database-unimol/3-BlockChainMenu/SmartContract.cs" line="48" column="1" bodyfile="blockchain-database-unimol/3-BlockChainMenu/SmartContract.cs" bodystart="48" bodyend="48"/>
      </memberdef>
      <memberdef kind="property" id="class__3___block_chain_menu_1_1_smart_contract_1_1_clause_1ae110609b086fa12f310d226f7acb2803" prot="public" static="no" readable="no" writable="no" gettable="yes" privategettable="no" protectedgettable="no" settable="yes" privatesettable="no" protectedsettable="no">
        <type>string</type>
        <definition>string _3_BlockChainMenu.SmartContract.Clause.BalanceCheck</definition>
        <argsstring></argsstring>
        <name>BalanceCheck</name>
        <briefdescription>
        </briefdescription>
        <detaileddescription>
        </detaileddescription>
        <inbodydescription>
        </inbodydescription>
        <location file="blockchain-database-unimol/3-BlockChainMenu/SmartContract.cs" line="49" column="1" bodyfile="blockchain-database-unimol/3-BlockChainMenu/SmartContract.cs" bodystart="49" bodyend="49"/>
      </memberdef>
      </sectiondef>
    <briefdescription>
    </briefdescription>
    <detaileddescription>
    </detaileddescription>
    <location file="blockchain-database-unimol/3-BlockChainMenu/SmartContract.cs" line="43" column="1" bodyfile="blockchain-database-unimol/3-BlockChainMenu/SmartContract.cs" bodystart="42" bodyend="50"/>
    <listofallmembers>
      <member refid="class__3___block_chain_menu_1_1_smart_contract_1_1_clause_1ae110609b086fa12f310d226f7acb2803" prot="public" virt="non-virtual"><scope>_3_BlockChainMenu::SmartContract::Clause</scope><name>BalanceCheck</name></member>
      <member refid="class__3___block_chain_menu_1_1_smart_contract_1_1_clause_1a963e269ecbe4b2c2802f64522a558db6" prot="public" virt="non-virtual"><scope>_3_BlockChainMenu::SmartContract::Clause</scope><name>Description</name></member>
      <member refid="class__3___block_chain_menu_1_1_smart_contract_1_1_clause_1afc8fe969710f19d46c5f687a28f0fa82" prot="public" virt="non-virtual"><scope>_3_BlockChainMenu::SmartContract::Clause</scope><name>DoubleSpendingContract</name></member>
      <member refid="class__3___block_chain_menu_1_1_smart_contract_1_1_clause_1acd61b824ed0ff8a5bc98ffc772cb40cd" prot="public" virt="non-virtual"><scope>_3_BlockChainMenu::SmartContract::Clause</scope><name>IdContract</name></member>
      <member refid="class__3___block_chain_menu_1_1_smart_contract_1_1_clause_1a4237ce35df40ce82ee049ed753ed888d" prot="public" virt="non-virtual"><scope>_3_BlockChainMenu::SmartContract::Clause</scope><name>TransactionContract</name></member>
      <member refid="class__3___block_chain_menu_1_1_smart_contract_1_1_clause_1a63564c0ff9e9a839b35ecf9e7ca03963" prot="public" virt="non-virtual"><scope>_3_BlockChainMenu::SmartContract::Clause</scope><name>Type</name></member>
    </listofallmembers>
  </compounddef>
</doxygen>
