<?xml version='1.0' encoding='UTF-8' standalone='no'?>
<doxygen xmlns:xsi="http://www.w3.org/2001/XMLSchema-instance" xsi:noNamespaceSchemaLocation="compound.xsd" version="1.8.15">
  <compounddef id="class__3___block_chain_menu_1_1_candidati_json" kind="class" language="C#" prot="public">
    <compoundname>_3_BlockChainMenu::CandidatiJson</compoundname>
      <sectiondef kind="property">
      <memberdef kind="property" id="class__3___block_chain_menu_1_1_candidati_json_1afe5643da2dd306fa029461e1489b313c" prot="public" static="no" readable="no" writable="no" gettable="yes" privategettable="no" protectedgettable="no" settable="yes" privatesettable="no" protectedsettable="no">
        <type><ref refid="class__3___block_chain_menu_1_1_properties" kindref="compound">Properties</ref></type>
        <definition>Properties _3_BlockChainMenu.CandidatiJson.Properties</definition>
        <argsstring></argsstring>
        <name>Properties</name>
        <briefdescription>
        </briefdescription>
        <detaileddescription>
        </detaileddescription>
        <inbodydescription>
        </inbodydescription>
        <location file="blockchain-database-unimol/3-BlockChainMenu/Candidati.cs" line="62" column="1" bodyfile="blockchain-database-unimol/3-BlockChainMenu/Candidati.cs" bodystart="62" bodyend="62"/>
      </memberdef>
      </sectiondef>
    <briefdescription>
    </briefdescription>
    <detaileddescription>
    </detaileddescription>
    <location file="blockchain-database-unimol/3-BlockChainMenu/Candidati.cs" line="61" column="1" bodyfile="blockchain-database-unimol/3-BlockChainMenu/Candidati.cs" bodystart="60" bodyend="63"/>
    <listofallmembers>
      <member refid="class__3___block_chain_menu_1_1_candidati_json_1afe5643da2dd306fa029461e1489b313c" prot="public" virt="non-virtual"><scope>_3_BlockChainMenu::CandidatiJson</scope><name>Properties</name></member>
    </listofallmembers>
  </compounddef>
</doxygen>
