<?xml version='1.0' encoding='UTF-8' standalone='no'?>
<doxygen xmlns:xsi="http://www.w3.org/2001/XMLSchema-instance" xsi:noNamespaceSchemaLocation="compound.xsd" version="1.8.15">
  <compounddef id="class__3___block_chain_menu_1_1_candidati" kind="class" language="C#" prot="public">
    <compoundname>_3_BlockChainMenu::Candidati</compoundname>
      <sectiondef kind="private-static-attrib">
      <memberdef kind="variable" id="class__3___block_chain_menu_1_1_candidati_1a9761b0dd5fbcd78ee309a1e62223ca66" prot="private" static="yes" mutable="no">
        <type><ref refid="class__3___block_chain_menu_1_1_candidati_json" kindref="compound">CandidatiJson</ref></type>
        <definition>CandidatiJson _3_BlockChainMenu.Candidati._candidati</definition>
        <argsstring></argsstring>
        <name>_candidati</name>
        <briefdescription>
        </briefdescription>
        <detaileddescription>
        </detaileddescription>
        <inbodydescription>
        </inbodydescription>
        <location file="blockchain-database-unimol/3-BlockChainMenu/Candidati.cs" line="10" column="1" bodyfile="blockchain-database-unimol/3-BlockChainMenu/Candidati.cs" bodystart="10" bodyend="-1"/>
      </memberdef>
      </sectiondef>
      <sectiondef kind="private-static-func">
      <memberdef kind="function" id="class__3___block_chain_menu_1_1_candidati_1ad141b3330f2cc5edf039e80463d8168c" prot="private" static="yes" const="no" explicit="no" inline="yes" virt="non-virtual">
        <type>void</type>
        <definition>static void _3_BlockChainMenu.Candidati.Inizializza</definition>
        <argsstring>()</argsstring>
        <name>Inizializza</name>
        <briefdescription>
        </briefdescription>
        <detaileddescription>
        </detaileddescription>
        <inbodydescription>
        </inbodydescription>
        <location file="blockchain-database-unimol/3-BlockChainMenu/Candidati.cs" line="12" column="1" bodyfile="blockchain-database-unimol/3-BlockChainMenu/Candidati.cs" bodystart="12" bodyend="34"/>
      </memberdef>
      </sectiondef>
      <sectiondef kind="public-static-func">
      <memberdef kind="function" id="class__3___block_chain_menu_1_1_candidati_1aab258794157e8c2ed866469bb96a0a4d" prot="public" static="yes" const="no" explicit="no" inline="yes" virt="non-virtual">
        <type>void</type>
        <definition>static void _3_BlockChainMenu.Candidati.MostraCanidati</definition>
        <argsstring>()</argsstring>
        <name>MostraCanidati</name>
        <briefdescription>
<para>Mostra i dati candidati all&apos;esame (nome, cognome e matricola) e nome e cognome del docente di riferimento. Inoltre richiama la funzione per il parse dei JSON </para>
        </briefdescription>
        <detaileddescription>
        </detaileddescription>
        <inbodydescription>
        </inbodydescription>
        <location file="blockchain-database-unimol/3-BlockChainMenu/Candidati.cs" line="46" column="1" bodyfile="blockchain-database-unimol/3-BlockChainMenu/Candidati.cs" bodystart="46" bodyend="57"/>
      </memberdef>
      </sectiondef>
    <briefdescription>
    </briefdescription>
    <detaileddescription>
    </detaileddescription>
    <location file="blockchain-database-unimol/3-BlockChainMenu/Candidati.cs" line="9" column="1" bodyfile="blockchain-database-unimol/3-BlockChainMenu/Candidati.cs" bodystart="8" bodyend="58"/>
    <listofallmembers>
      <member refid="class__3___block_chain_menu_1_1_candidati_1a9761b0dd5fbcd78ee309a1e62223ca66" prot="private" virt="non-virtual"><scope>_3_BlockChainMenu::Candidati</scope><name>_candidati</name></member>
      <member refid="class__3___block_chain_menu_1_1_candidati_1ad141b3330f2cc5edf039e80463d8168c" prot="private" virt="non-virtual"><scope>_3_BlockChainMenu::Candidati</scope><name>Inizializza</name></member>
      <member refid="class__3___block_chain_menu_1_1_candidati_1aab258794157e8c2ed866469bb96a0a4d" prot="public" virt="non-virtual"><scope>_3_BlockChainMenu::Candidati</scope><name>MostraCanidati</name></member>
    </listofallmembers>
  </compounddef>
</doxygen>
