<?xml version='1.0' encoding='UTF-8' standalone='no'?>
<doxygen xmlns:xsi="http://www.w3.org/2001/XMLSchema-instance" xsi:noNamespaceSchemaLocation="compound.xsd" version="1.8.15">
  <compounddef id="namespace__3___block_chain_menu" kind="namespace" language="C#">
    <compoundname>_3_BlockChainMenu</compoundname>
    <innerclass refid="class__3___block_chain_menu_1_1_agv" prot="public">_3_BlockChainMenu::Agv</innerclass>
    <innerclass refid="class__3___block_chain_menu_1_1_blocco" prot="public">_3_BlockChainMenu::Blocco</innerclass>
    <innerclass refid="class__3___block_chain_menu_1_1_block_chain" prot="public">_3_BlockChainMenu::BlockChain</innerclass>
    <innerclass refid="class__3___block_chain_menu_1_1_ca" prot="public">_3_BlockChainMenu::Ca</innerclass>
    <innerclass refid="class__3___block_chain_menu_1_1_candidati" prot="public">_3_BlockChainMenu::Candidati</innerclass>
    <innerclass refid="class__3___block_chain_menu_1_1_candidati_json" prot="public">_3_BlockChainMenu::CandidatiJson</innerclass>
    <innerclass refid="class__3___block_chain_menu_1_1_gm" prot="public">_3_BlockChainMenu::Gm</innerclass>
    <innerclass refid="class__3___block_chain_menu_1_1_menu" prot="public">_3_BlockChainMenu::Menu</innerclass>
    <innerclass refid="class__3___block_chain_menu_1_1_moneta" prot="public">_3_BlockChainMenu::Moneta</innerclass>
    <innerclass refid="class__3___block_chain_menu_1_1_professor" prot="public">_3_BlockChainMenu::Professor</innerclass>
    <innerclass refid="class__3___block_chain_menu_1_1_program" prot="public">_3_BlockChainMenu::Program</innerclass>
    <innerclass refid="class__3___block_chain_menu_1_1_properties" prot="public">_3_BlockChainMenu::Properties</innerclass>
    <innerclass refid="class__3___block_chain_menu_1_1_smart_contract" prot="public">_3_BlockChainMenu::SmartContract</innerclass>
    <innerclass refid="class__3___block_chain_menu_1_1_transazione" prot="public">_3_BlockChainMenu::Transazione</innerclass>
    <innerclass refid="class__3___block_chain_menu_1_1_utente" prot="public">_3_BlockChainMenu::Utente</innerclass>
    <briefdescription>
    </briefdescription>
    <detaileddescription>
    </detaileddescription>
    <location file="blockchain-database-unimol/3-BlockChainMenu/Blocco.cs" line="17" column="1"/>
  </compounddef>
</doxygen>
